review_id,place_id,place_name,wilayah,kategori,rating,review_text,review_date,reviewer_name,reviewer_id,is_local_guide,likes_count,original_language,scraped_at
Ci9DQUlRQUNvZENodHljRjlvT2tsM1dETXpiVlEwT1U1a1RrMUtUSEY2TWtwSGRFRRAB,ChIJm0LYcQDAbi4RfxV7jJzEx5w,Pantai Tirtamaya,indramayu,Kuliner,4,"Enak buat bengong ,makan bareng keluarga pake tikar",2026-04-14T00:01:55.255Z,AR CHANEL28,117781307325828977602,True,0,id,2026-05-05T05:18:05.923221
Ci9DQUlRQUNvZENodHljRjlvT25kclZFTm9RMHRmZWw5aFduWjVObkZzUm5JMVQwRRAB,ChIJm0LYcQDAbi4RfxV7jJzEx5w,Pantai Tirtamaya,indramayu,Kuliner,5,Tempat nya sejuk dan nyaman,2026-03-30T02:53:41.285Z,Imron Rosadi,115991297244300635802,False,0,id,2026-05-05T05:18:05.923235
Ci9DQUlRQUNvZENodHljRjlvT2tvd2FrRlRURkJmV25kUVkwOWZZVEEwYWpKR2FXYxAB,ChIJm0LYcQDAbi4RfxV7jJzEx5w,Pantai Tirtamaya,indramayu,Kuliner,5,"ga sengaja melipir ke pantai, lumayan bersih pantai nya, ada banyak spot foto dengan view yg cantik",2026-03-25T13:22:31.605Z,Sofie Sofie,105051708153802433247,True,0,id,2026-05-05T05:18:05.923262
Ci9DQUlRQUNvZENodHljRjlvT2pScFJESmxNME5PVURGTlRuVndWRzQ1UkVOTWNXYxAB,ChIJm0LYcQDAbi4RfxV7jJzEx5w,Pantai Tirtamaya,indramayu,Kuliner,5,"Dulu ramai. Apalagi di hari Minggu, dr pagi sampai malam masih ramai.
Sepertinya sekarang udh sepi",2026-03-20T16:23:47.531Z,Dadang Junaedi,101582510793960224796,True,0,id,2026-05-05T05:18:05.923270
Ci9DQUlRQUNvZENodHljRjlvT2xOdlMyTlliSFV3YzB3MlRuSTRSalpWY0dkcUxXYxAB,ChIJm0LYcQDAbi4RfxV7jJzEx5w,Pantai Tirtamaya,indramayu,Kuliner,5,Alfanya cocok jauh dari minimar,2026-02-27T11:19:24.586Z,Endang Encep,103392591762548544459,False,0,id,2026-05-05T05:18:05.923288
Ci9DQUlRQUNvZENodHljRjlvT2tOVVNWbHJaVE40YjFvelZrUTFMVU0zWkVwV2JFRRAB,ChIJm0LYcQDAbi4RfxV7jJzEx5w,Pantai Tirtamaya,indramayu,Kuliner,5,"Satu lagi spot pantai di Indramayu, memang gak sebagus pantai di pesisir selatan Jawa Barat sih, tapi tetep tempat ini menarik buat dikunjungi. Kalo dikelola lebih baik lagi mungkin bisa lebih menarik wisatawan kesini.",2026-02-04T06:11:35.212Z,Hendro Santoso,117164004392308640888,True,0,id,2026-05-05T05:18:05.923296
Ci9DQUlRQUNvZENodHljRjlvT214RE5TMHpkVFZOTlVwdFlrbHVOWFF3YzFGb2NXYxAB,ChIJm0LYcQDAbi4RfxV7jJzEx5w,Pantai Tirtamaya,indramayu,Kuliner,4,"Main kesini buat ngabisin waktu sebelum pulang ke Jakarta. Sepi, biaya masuk 15 ribu dan mobil 5 ribu tanpa tiket walau beli di depan locket.",2026-01-25T08:30:10.775Z,Neri Dinar Srinugroho,114012339155563620431,True,0,id,2026-05-05T05:18:05.923310
Ci9DQUlRQUNvZENodHljRjlvT2pRNGNqZDRhV2gyVUZSa2VERktaWFZIYWxoSlNWRRAB,ChIJm0LYcQDAbi4RfxV7jJzEx5w,Pantai Tirtamaya,indramayu,Kuliner,5,"Bagus bgt nih pas air surut,
Tempat bilas jg besar bersih cuma 3rb bisa bilas sepuasnya,",2025-12-14T07:34:09.352Z,Evi Alhajh,101234404997108759369,False,0,id,2026-05-05T05:18:05.923323
Ci9DQUlRQUNvZENodHljRjlvT2tkdVgyMVpWWFpUTTA1NmMxSk5TM0JzWTNreVkzYxAB,ChIJm0LYcQDAbi4RfxV7jJzEx5w,Pantai Tirtamaya,indramayu,Kuliner,4,Pantainya sudah mulai kotor dulh pantainya sangat bagus dan suasanya masih asli sekarang sayang sudah banyak sampah pelastis dan juga ditambah airnya yang keru 😥,2025-11-25T12:04:02.667Z,m. Hilman,110202491112780532093,True,0,id,2026-05-05T05:18:05.923343
Ci9DQUlRQUNvZENodHljRjlvT2s1VGVqaHNTRFZSZW5aUGFtRldVRGxuUjNoNmVWRRAB,ChIJm0LYcQDAbi4RfxV7jJzEx5w,Pantai Tirtamaya,indramayu,Kuliner,5,Pengen deh liburan ke situ,2025-08-26T18:12:37.709Z,Ariskaa,108692456412414705958,True,0,id,2026-05-05T05:18:05.923370
ChdDSUhNMG9nS0VQYkVxZEc0d2Nmc3ZBRRAB,ChIJm0LYcQDAbi4RfxV7jJzEx5w,Pantai Tirtamaya,indramayu,Kuliner,4,bersih pantainya,2025-05-31T01:38:14.779Z,Adit tio,117114491948546006039,False,0,id,2026-05-05T05:18:05.923421
ChdDSUhNMG9nS0VJQ0FnTUNZMnRtdjZRRRAB,ChIJm0LYcQDAbi4RfxV7jJzEx5w,Pantai Tirtamaya,indramayu,Kuliner,5,Aku syukron kasyiron ingin kembali ke masa bernostalgia di  pantai tirtamaya waktu itu ibundaku masih hidup  sekarang mamaku suda almarhum,2025-05-03T15:54:00.380Z,Syukron Assisten google,117107365796109806606,True,0,id,2026-05-05T05:18:05.923434
ChdDSUhNMG9nS0VJQ0FnTURvMGVfbXBBRRAB,ChIJm0LYcQDAbi4RfxV7jJzEx5w,Pantai Tirtamaya,indramayu,Kuliner,5,Best place for tourist spot,2025-04-26T00:17:11.959Z,Harry Craig,101977790419966317385,True,0,en,2026-05-05T05:18:05.923441
ChdDSUhNMG9nS0VJQ0FnTUNvNDV5eF9BRRAB,ChIJm0LYcQDAbi4RfxV7jJzEx5w,Pantai Tirtamaya,indramayu,Kuliner,5,"Pantai yang cukup bersih dibandingkan dengan pantai utara lainnya. Cocok untuk main anak-anak karena pantainya dangkal dan ombaknya kecil. Biaya masuk yang murah per orang cukup bayar Rp.10.000,- dan mobil tidak dikenai biaya parkir saat tadi saya berkunjung. Untuk biaya bilas Rp.3000 dan toilet Rp.2000, menurut saya biaya tersebut adalag biaya yang wajar. Pantai yang bisa jadi  akan saya kunjungi lagi untuk berlibur bersama keluarga.",2025-04-19T14:46:16.141Z,Sunarko Dardjono,109864291511875247039,True,1,id,2026-05-05T05:18:05.923449
ChZDSUhNMG9nS0VJQ0FnTUNva3A2RUhBEAE,ChIJm0LYcQDAbi4RfxV7jJzEx5w,Pantai Tirtamaya,indramayu,Kuliner,5,"Calista
Harga tiket pesawat terbang bersama keluarga besar dan drastis yang akan pernah terkalahkan mau ikut tapi gue",2025-04-15T22:14:13.636Z,L. Rizky Akbar,106964281562588631865,False,0,id,2026-05-05T05:18:05.923456
ChZDSUhNMG9nS0VJQ0FnTURJc1BHWWR3EAE,ChIJm0LYcQDAbi4RfxV7jJzEx5w,Pantai Tirtamaya,indramayu,Kuliner,1,"B aja, musik yang di putar sepanjang hari sangat mengganggu telinga, musik yang di putar tidak jelas bahkan kadang kadang yang di putar video YouTube review hp gajelas, pantai lumayan bagus tapi MUSIK yang di putar di toa SANGAT SANGAT MENGGANGGU, ORANG MAU KE PANTAI ITU MAU HEALING MENIKMATI ALAM BUKAN MAU DANGDUTAN ATAU DENGER REVIEW HP DI YOUTUBE KOCAKKKKKKK...!!!!!! PLEASE RUBAH KEBIASAAN ITU SANGAT SANGAT MENGANGGU!!",2025-04-06T11:38:02.454Z,Iqbal Alifudin,117956713451518015906,False,0,id,2026-05-05T05:18:05.923469
ChZDSUhNMG9nS0VJQ0FnSURPcU9LMktREAE,ChIJm0LYcQDAbi4RfxV7jJzEx5w,Pantai Tirtamaya,indramayu,Kuliner,4,Kami gowes dari Cirebon hanya untuk foto di sini 😅😂,2025-03-07T15:14:15.662Z,Samuel Zeno,106388027746081314296,True,2,id,2026-05-05T05:18:05.923483
ChZDSUhNMG9nS0VJQ0FnSUNfaU5lLU1nEAE,ChIJm0LYcQDAbi4RfxV7jJzEx5w,Pantai Tirtamaya,indramayu,Kuliner,4,Klo malam buka nggak y pantai tirtamaya,2025-01-12T08:19:44.169Z,Nok Kinantia,100886798310934856737,False,0,id,2026-05-05T05:18:05.923497
ChdDSUhNMG9nS0VJQ0FnSUNma2YyQmpnRRAB,ChIJm0LYcQDAbi4RfxV7jJzEx5w,Pantai Tirtamaya,indramayu,Kuliner,4,"Hampir tiap tahun kesini, termasuk pantai legend yang masih ada saat ini. Walaupun pantainya tak seindah dulu. Masukan buat pengelola, banyak sampah dipinggir pantai. Perbanyak tong sampah di sekitar pantai. Pantai dan tempat bagus tp sayang banyak sampahnya berserakan.",2024-12-30T00:12:21.913Z,Rakhmat AR,115977572966427749552,True,0,id,2026-05-05T05:18:05.923504
ChdDSUhNMG9nS0VJQ0FnSUNmbnRiMXBnRRAB,ChIJm0LYcQDAbi4RfxV7jJzEx5w,Pantai Tirtamaya,indramayu,Kuliner,4,"Sebenernya pantai nya bagus, pengelolaan juga udh bagus, bnyk makanan lokal yg murah pas dikantong.
Mslh pengunjung lah yg bikin kotor sekitaran pantai krena buang sampah sembarangan..
Mngkin pengelola hrs nambah petugas kebersihan nya yg setiap saat keliling comotin sampah sambil ngasi tau pengunjung agar ga buang smbarangan... Trims",2024-12-29T09:44:54.385Z,SanVerinCardy,100689776970468339671,True,0,id,2026-05-05T05:18:05.923511
ChZDSUhNMG9nS0VJQ0FnSUNQdUpyQlBREAE,ChIJm0LYcQDAbi4RfxV7jJzEx5w,Pantai Tirtamaya,indramayu,Kuliner,5,"kesini sama keluarga, area parkir luas, lupa bayarnya berapa. buat pecinta blue ocean gak rekomen sih karena pantai utara tuh gak sebiru dan seputih pantai selatan, tapi lumayan buat nongki dan bikin seneng anak-anak, jajanan relatif murah, beli uleg, rujak buah, sama mie ayam, enak bangetttttttt. serius ini tempat wisata yang gak matok harga tinggi. ada batu penjaga biar anak-anak gak ketengah, ada jembatan buat foto-foto, ayunan dan tanda pantai gituu lucu",2024-11-21T10:37:24.018Z,Sukesi E. Wiranti,109215581810154030562,True,1,id,2026-05-05T05:18:05.923533
ChdDSUhNMG9nS0VJQ0FnSUMzcjZlenZnRRAB,ChIJm0LYcQDAbi4RfxV7jJzEx5w,Pantai Tirtamaya,indramayu,Kuliner,4,"Skrg sdh tmbh lmyn pengelolaannya..sbtlnya g sengaja jg mau kesini,jln menuju ke pantai ini bgs bgt mulus jd seneng aja gt BS nympe sini lg stlh puluhan THN yg lalu terlwtkan br sempat kesini lg dgn suasana yg sgt berbeda...parkir mbl 5k,tiket msk anak2 6k dewasa 12k/org byk kios2 dgn berbagai mcm mknan dan minuman musola WC tmpt bilas overall sdh bgs tmpt sampah jg byk...tgl dijaga sj supaya pantai terus bersih yah dgn tdk membuang sampah sembarangan...",2024-11-10T22:02:48.407Z,Ann Ida,103218147057310017738,True,0,id,2026-05-05T05:18:05.923548
ChdDSUhNMG9nS0VJQ0FnSUNucmRHWHF3RRAB,ChIJm0LYcQDAbi4RfxV7jJzEx5w,Pantai Tirtamaya,indramayu,Kuliner,3,Tempat kurang terawat,2024-09-28T15:43:20.163Z,Kenzu Safwaan,108269739564330614223,True,0,id,2026-05-05T05:18:05.923568
ChdDSUhNMG9nS0VJQ0FnSUNucVktRXd3RRAB,ChIJm0LYcQDAbi4RfxV7jJzEx5w,Pantai Tirtamaya,indramayu,Kuliner,5,"Salah satu pantai di Pantura yang cukup Bersih.

Parkir luas
Tempat makan banyak

Cocok untuk keluarga.",2024-09-27T11:12:35.952Z,Ashlahmukafi,116774062007588366946,True,0,id,2026-05-05T05:18:05.923575
ChdDSUhNMG9nS0VJQ0FnSURIem83UmpBRRAB,ChIJm0LYcQDAbi4RfxV7jJzEx5w,Pantai Tirtamaya,indramayu,Kuliner,5,"pantainya bersih, pasirnya bagus dan juga ada tempat berenang untuk anak juga ada tim sarnya, wc nya bersih airnya dari ledeng pdam, jajanannya komplit dan suasanya sejuk",2024-09-16T02:09:31.509Z,Mohammad Ilham,109780001868212375548,False,0,id,2026-05-05T05:18:05.923583
ChdDSUhNMG9nS0VJQ0FnSURFeGV6UDlnRRAB,ChIJq6qq6gG8bi4R1wHrJ9YJ-W4,Alun-Alun Indramayu,indramayu,Kuliner,5,"Mau ngajak jalan jalan anak?  Bingung dengan isi kantong yg g mendukung?  Anda bisa ajak jalan2 Anak anda kesini,  dan bisa dilanjut ke Kulcim,  dg banyak jajanan yg harganya bersahabat...",2026-05-02T17:18:53.942Z,Yayan Hardianto,107945978345220542779,True,0,id,2026-05-05T05:18:05.923597
Ci9DQUlRQUNvZENodHljRjlvT2xsbU0xTlVPVGwxVEZScGNtbEJWM294V0V0WE5VRRAB,ChIJq6qq6gG8bi4R1wHrJ9YJ-W4,Alun-Alun Indramayu,indramayu,Kuliner,5,Suasananya cocok banget buat malam mingguan,2026-04-28T05:10:13.185Z,Findi Nur Anwa,116676063300192185540,False,0,id,2026-05-05T05:18:05.923621
Ci9DQUlRQUNvZENodHljRjlvT2tFM1dFMXpibU4wU2tKbldrZDFkV0pSWTFwQ1RtYxAB,ChIJq6qq6gG8bi4R1wHrJ9YJ-W4,Alun-Alun Indramayu,indramayu,Kuliner,5,Bagus dan nyaman ketat penuh penjagaan seperti istana negara,2026-04-28T00:58:39.750Z,Anton Baihaqim,112987302771790475193,False,0,id,2026-05-05T05:18:05.923628
Ci9DQUlRQUNvZENodHljRjlvT2xKNlF6WlRkakoxVFRSNFRsQjBRVVphY0c5dFJsRRAB,ChIJq6qq6gG8bi4R1wHrJ9YJ-W4,Alun-Alun Indramayu,indramayu,Kuliner,5,Mantap...bisa di andalkan...,2026-04-25T09:00:22.075Z,Alga setiawan Setiawan,103074184897771647024,False,0,id,2026-05-05T05:18:05.923641
Ci9DQUlRQUNvZENodHljRjlvT214TGFtVXdXVzFJTlRaTVlrZHdiMnRoZGtOQlQzYxAB,ChIJq6qq6gG8bi4R1wHrJ9YJ-W4,Alun-Alun Indramayu,indramayu,Kuliner,5,"ramah pelayanan,enak es crimya kalian wajib coba si 🤤",2026-04-22T07:58:01.657Z,Ramanda Oki. S,102624507570578128979,False,0,id,2026-05-05T05:18:05.923674
ChdDSUhNMG9nS0VJQ0FnSURjNHY3Ml93RRAB,ChIJq6qq6gG8bi4R1wHrJ9YJ-W4,Alun-Alun Indramayu,indramayu,Kuliner,2,"Semenjak dibuka untuk pedagang dan parkiran, jadi kotor & kumuh.",2026-04-19T11:29:08.123Z,overdoses screen printing,105555337275167602106,False,0,id,2026-05-05T05:18:05.923722
Ci9DQUlRQUNvZENodHljRjlvT210V1pUZGpaMmN3ZERaRVQyRnROMVpET1dkeFJIYxAB,ChIJq6qq6gG8bi4R1wHrJ9YJ-W4,Alun-Alun Indramayu,indramayu,Kuliner,5,Keren... Rameh trus siap hari,2026-04-16T05:36:55.633Z,Wudi,111971868197997680658,True,0,id,2026-05-05T05:18:05.923759
Ci9DQUlRQUNvZENodHljRjlvT2tKYVdtUmxiM1Z2U1dwb1lUUjNjbU5sWmxKTFIyYxAB,ChIJq6qq6gG8bi4R1wHrJ9YJ-W4,Alun-Alun Indramayu,indramayu,Kuliner,5,Tempatnya nyaman,2026-04-11T04:49:05.379Z,Noni Werendi,114102302401432134542,True,0,id,2026-05-05T05:18:05.923807
Ci9DQUlRQUNvZENodHljRjlvT2twQ1RucHNXRzlWVTNkMlRWb3lYelY2VlZaclkzYxAB,ChIJq6qq6gG8bi4R1wHrJ9YJ-W4,Alun-Alun Indramayu,indramayu,Kuliner,5,Indramayu enak untuk disinggahi,2026-04-09T05:06:19.043Z,Suminta Kaka,116710401740678074906,True,0,id,2026-05-05T05:18:05.923821
Ci9DQUlRQUNvZENodHljRjlvT2pCc1VHaHhVa3hSYWxOalZtOWhWMjB4VTNnemJIYxAB,ChIJq6qq6gG8bi4R1wHrJ9YJ-W4,Alun-Alun Indramayu,indramayu,Kuliner,4,"Dalam area mesjid Agung, cocok mengajak anak n keluarga bersantai, seperti acara piknik, parkiran mobil didalam, banyak jajanan aneka ragam, aneka permainan untuk anak  tersedia disini",2026-04-07T06:18:37.814Z,Edwin,107402636598156812041,True,0,id,2026-05-05T05:18:05.923852
Ci9DQUlRQUNvZENodHljRjlvT2pkUmJEazNkR0pxVTBKalRFMXBXVUpGZG1GMmNWRRAB,ChIJq6qq6gG8bi4R1wHrJ9YJ-W4,Alun-Alun Indramayu,indramayu,Kuliner,5,"Tempatnya Ramai Banget Cocok untuk Liburan Keluarga,Banyak Juga Jajanan Dan Mainan Mobil2an Listrik",2026-04-07T01:00:26.284Z,YITA ELECTRIC,109386938904621604568,True,0,id,2026-05-05T05:18:05.923859
Ci9DQUlRQUNvZENodHljRjlvT20xWWNXOUNVVWh0VEdwUFduTXlSVmxYUlVsakxWRRAB,ChIJq6qq6gG8bi4R1wHrJ9YJ-W4,Alun-Alun Indramayu,indramayu,Kuliner,4,Sangat cocok untuk muda-mudi n untuk santai keluarga,2026-04-01T21:02:18.814Z,Kakang Prabu,108558018895382472552,False,0,id,2026-05-05T05:18:05.923878
Ci9DQUlRQUNvZENodHljRjlvT2xGVlJubzRVMW94YURsa1ZrMU5SVE4yVW5ZNVRXYxAB,ChIJq6qq6gG8bi4R1wHrJ9YJ-W4,Alun-Alun Indramayu,indramayu,Kuliner,5,"Banyak orang jualan dan jajanannya enak-enak. CFN selalu rame dan bagus.

Semoga pengunjung disini tidak membuang sampah sembarangan.

Semoga saja di Indramayu Barat ada CFN seperti ini.",2026-03-31T17:35:57.511Z,RihanaC,105967450335547932649,True,0,id,2026-05-05T05:18:05.923897
Ci9DQUlRQUNvZENodHljRjlvT2xvMk9VVXdTVWRVVGtOd1NEVlZWMDAzUWxsSVdWRRAB,ChIJzdQRIBm8bi4R8nGBMH4W8KI,Rumah Makan Panorama,indramayu,Kuliner,1,Maaf ya ini dr pengalaman saya...gombyang yg harusnya asem pedas segar..ini gada asem2 nya...blas rasa ga jelas....tempe tahu 25rb yg tempenya spt tempe kemarin...makanan dan minuman sangat2 mahal....cukup sekali karena penasaran saja....,2026-04-26T13:45:02.299Z,Fery Hidayati,114328808649560225341,False,0,id,2026-05-05T05:18:05.923947
Ci9DQUlRQUNvZENodHljRjlvT25jM2QzWXpUbFpCY0UwNGNrWkRNbUZsV1VocWVVRRAB,ChIJzdQRIBm8bi4R8nGBMH4W8KI,Rumah Makan Panorama,indramayu,Kuliner,3,Musholanya bersih,2026-04-16T01:22:42.589Z,Amir Hamzah Amir,113335252360670069636,True,0,id,2026-05-05T05:18:05.923966
Ci9DQUlRQUNvZENodHljRjlvT2xwMFREbFZPVzV5UlVOUGMweE5VVFp6WW1wbFQxRRAB,ChIJzdQRIBm8bi4R8nGBMH4W8KI,Rumah Makan Panorama,indramayu,Kuliner,5,Warung sederhana tapi makanannya enakkk terutama perikanan dan seafoodnya,2026-04-03T01:55:25.303Z,Ria Nisawati,113754168311115947931,True,0,id,2026-05-05T05:18:05.924003
Ci9DQUlRQUNvZENodHljRjlvT205S1MyOTRZbTVzVEdwdk1ERnllbGhmZVZodU1VRRAB,ChIJzdQRIBm8bi4R8nGBMH4W8KI,Rumah Makan Panorama,indramayu,Kuliner,5,"Gombyang terbaik tidak anyir ⭐⭐⭐⭐⭐
Cumi bakar tidak alot⭐⭐⭐⭐⭐
Kakap putih bakar segar ⭐⭐⭐⭐⭐
Gurame lembut ⭐⭐⭐⭐⭐",2026-03-29T07:31:14.547Z,mohammad fikri rizal,118117698411313698324,True,0,id,2026-05-05T05:18:05.924021
Ci9DQUlRQUNvZENodHljRjlvT2pOMU1DMVFOemQ2ZWxoRk9YZHFhREk0V0RsTE0yYxAB,ChIJzdQRIBm8bi4R8nGBMH4W8KI,Rumah Makan Panorama,indramayu,Kuliner,5,"Makanan enak, ikan gombyang nya mantep. Baru pertama kali nyoba enaaak ada seperti bagian kenyal2ny gt, daging empuk",2026-03-27T03:42:17.381Z,maya widia,113788188755511810860,True,0,id,2026-05-05T05:18:05.924029
Ci9DQUlRQUNvZENodHljRjlvT25GRVdYY3dhV015Y1RWaFVYUlFYekkwVUdaNldYYxAB,ChIJzdQRIBm8bi4R8nGBMH4W8KI,Rumah Makan Panorama,indramayu,Kuliner,5,"Lini Masa setelah sekian puluh tahun lalu, aku kembali kesini",2026-03-26T05:07:38.229Z,Amar Saeful hayat,118340953847442702466,True,0,id,2026-05-05T05:18:05.924037
Ci9DQUlRQUNvZENodHljRjlvT2pKSU1YZFJOSEpOWkVKaVpYVjJOMVpLUkZGa1duYxAB,ChIJzdQRIBm8bi4R8nGBMH4W8KI,Rumah Makan Panorama,indramayu,Kuliner,3,Air masjid sering mati buat yg sholat kasian,2026-03-23T08:42:40.695Z,Hadis Mulyana Santari,115241680897155912533,False,0,id,2026-05-05T05:18:05.924073
Ci9DQUlRQUNvZENodHljRjlvT2xVeVFYRnROa0l5TFVWYVRXMUZTbVJGUmxWS1ExRRAB,ChIJzdQRIBm8bi4R8nGBMH4W8KI,Rumah Makan Panorama,indramayu,Kuliner,1,minum nya Dateng pas kita udah makan Uda selesai makan sampe kita ngambil dari mobil minumnya,2026-03-22T12:29:45.136Z,Saputra Dwi septian,105866619530997509418,False,0,id,2026-05-05T05:18:05.924080
ChZDSUhNMG9nS0VJQ0FnSURCMmJhS2RREAE,ChIJzdQRIBm8bi4R8nGBMH4W8KI,Rumah Makan Panorama,indramayu,Kuliner,1,"> 1 jam menunggu order makanan datang di meja 12, eh diminta nglist order makanan lagi. emg yg orderan >1 jam sebelumnya ga kalian catet & segera dibuatkan?
kalo rasa kami akui 100% enak, tp apalah arti rasa kalo services kalian ga dijaga tetap baik & profesional. atas kejadian ini, semoga kami sekeluarga ga kapok buat makan di sini, & manajemen panorama agar lbh aware atas services petugasnya.",2026-03-22T09:33:30.191Z,f i k y 彡syariah,108567061719780757754,True,0,id,2026-05-05T05:18:05.924088
Ci9DQUlRQUNvZENodHljRjlvT25Ka2VrbHZUVkp2YjBaR1V6UjBORzFLVVdGYVVGRRAB,ChIJzdQRIBm8bi4R8nGBMH4W8KI,Rumah Makan Panorama,indramayu,Kuliner,1,"Nunggu udah 1 jam lebih, tapi ga di anterin makanannya, minuman pun blm dianter jg, sampe nanya ke pelayan nya tp gada jawaban. Sangat mengecewakan",2026-03-22T07:48:10.544Z,Iwan Kurniawan,115071875590683492706,False,0,id,2026-05-05T05:18:05.924096
Ci9DQUlRQUNvZENodHljRjlvT2taQlUxTjBjbmQyYVhaUVVucE1ORXhSUlhaaFlsRRAB,ChIJzdQRIBm8bi4R8nGBMH4W8KI,Rumah Makan Panorama,indramayu,Kuliner,5,"Masakannya top, ikan dan lain2 segar banget, makan bareng keluarga pas momen lebaran penuh banget, tapi layanan cepat",2026-03-22T07:25:06.476Z,djoko oentoro,107512165662816221571,False,0,id,2026-05-05T05:18:05.924103
Ci9DQUlRQUNvZENodHljRjlvT2tGU1Vtb3djVTFUTW5aMmVHWk9OMGxXVFZONmFFRRAB,ChIJzdQRIBm8bi4R8nGBMH4W8KI,Rumah Makan Panorama,indramayu,Kuliner,5,"ENAKKKKKK. best seafood i've tried (i've never tried other seafood restaurant:D). this restaurant gives hot tea and hot mineral water as welcoming drink. tbh i think that the welcoming drink is too many. they should have asked the costumers to choose between tea and mineral water as welcoming drink. they also dont tell the costumer that they give free hot tea and mineral water. which causes the costumer has more drink than the foods.

i had iftar here with my fam. when i came, the foods are already there so we dont have to wait. but sadly the food (eve the rice) is not warm anymore. this place also has mushola. its wide and clean. so it gives another ⭐️.",2026-03-18T12:43:44.675Z,firaAaaa,115458298830092795018,True,0,en,2026-05-05T05:18:05.924110
Ci9DQUlRQUNvZENodHljRjlvT2tSVWNrZGtXbmxmZUd0cGJIQm1MVGRIVEdRM2FFRRAB,ChIJzdQRIBm8bi4R8nGBMH4W8KI,Rumah Makan Panorama,indramayu,Kuliner,5,Best sea food in the town,2026-03-16T21:38:25.323Z,Vanfino,117632192006565837719,True,0,en,2026-05-05T05:18:05.924118
Ci9DQUlRQUNvZENodHljRjlvT21ocGFYRm9XR2RMVTJkUFUxSlVhSGxZVUVJMlpWRRAB,ChIJzdQRIBm8bi4R8nGBMH4W8KI,Rumah Makan Panorama,indramayu,Kuliner,5,"Makan Ikan bakar maknyussss, rasanya ok enakkk",2026-03-14T15:42:02.538Z,Lunakian Niviawan,111700806174651921961,True,0,id,2026-05-05T05:18:05.924125
Ci9DQUlRQUNvZENodHljRjlvT2psbWRuSmtVbFI1UXpjeWRHbDFTWGhDU1doc01VRRAB,ChIJzdQRIBm8bi4R8nGBMH4W8KI,Rumah Makan Panorama,indramayu,Kuliner,3,"Makanan oke, Tapi Kasir nya Judes banget mampuuusss!!! Ga pernah diajarin greeting, buat ngucapin terimakasih aja kayaknya berat bgt kali yah, bikin Kapok deh",2026-03-13T17:09:49.759Z,Ega Setiawan,111401080153792338474,False,0,id,2026-05-05T05:18:05.924138
Ci9DQUlRQUNvZENodHljRjlvT2xoQ09VRTJNR0ZLZW5GTWFFRkhSa2M0V1d4Nk1XYxAB,ChIJzdQRIBm8bi4R8nGBMH4W8KI,Rumah Makan Panorama,indramayu,Kuliner,4,"Mungkin karna saat ramadhan, jadi kurang rasa, lokasi dan parkir oke",2026-02-27T22:33:23.145Z,Andy Sibuea,104716606782709801972,True,0,id,2026-05-05T05:18:05.924151
Ci9DQUlRQUNvZENodHljRjlvT2xnMk1rOHlMUzAxVEc4MGJsTTFhMVZIVlVoRVJXYxAB,ChIJzdQRIBm8bi4R8nGBMH4W8KI,Rumah Makan Panorama,indramayu,Kuliner,5,Kalau yang suka gombyang boleh kesini.,2026-02-24T12:55:15.420Z,Kiki Rizki Saskia,101110646902891299083,True,0,ms,2026-05-05T05:18:05.924158
Ci9DQUlRQUNvZENodHljRjlvT2pKUFgyMWhOV0V6TTBaSFdHWXRiVFJGY1hWQ1dHYxAB,ChIJzdQRIBm8bi4R8nGBMH4W8KI,Rumah Makan Panorama,indramayu,Kuliner,4,"Makanannya lumayan enak-enak dan banyak pilihan menunya. Pelayanannya lumayan baik juga dan kami ga nunggu terlalu lama makanannya datang. Tempatnya luas, lumayan bersih dan banyak pilihan tempat duduknya.",2026-02-23T13:22:37.185Z,Intan Fashri,102840247646194061406,True,0,id,2026-05-05T05:18:05.924166
Ci9DQUlRQUNvZENodHljRjlvT2xsWlpUSjNlVFYxVWxKRlkzbE5RVzlLVGxOalZtYxAB,ChIJzdQRIBm8bi4R8nGBMH4W8KI,Rumah Makan Panorama,indramayu,Kuliner,5,魚の威力にたじろぎます!なかでも魚の頭のカレースープ風なのが美味しい。ボリュームありすぎ。,2026-02-17T12:51:54.876Z,Takuya OKADA,110458898776550159020,True,0,ja,2026-05-05T05:18:05.924178
Ci9DQUlRQUNvZENodHljRjlvT21GV1gxZHNaV3RHVkRJMloxVXlXbGt0YlZkeE0zYxAB,ChIJzdQRIBm8bi4R8nGBMH4W8KI,Rumah Makan Panorama,indramayu,Kuliner,5,Tolong di bantu proses kan,2026-02-12T14:29:56.770Z,Toko bangunan,105284663459104672261,False,0,id,2026-05-05T05:18:05.924197
Ci9DQUlRQUNvZENodHljRjlvT2tSdWJrVmxSMjVTWVdOa2VtdGplUzFMWVMweldYYxAB,ChIJzdQRIBm8bi4R8nGBMH4W8KI,Rumah Makan Panorama,indramayu,Kuliner,5,Semu masakan nya😋😋😋,2026-02-05T08:31:32.804Z,Ade Putra,101756199928660298680,True,0,id,2026-05-05T05:18:05.924210
ChdDSUhNMG9nS0VJQ0FnSURCN01DMXhBRRAB,ChIJzdQRIBm8bi4R8nGBMH4W8KI,Rumah Makan Panorama,indramayu,Kuliner,5,Pindang gombyang n etong bakar josss,2026-01-29T23:25:00.783Z,Rozy Rondiaz,103057573139538863070,True,0,jv,2026-05-05T05:18:05.924222
Ci9DQUlRQUNvZENodHljRjlvT21oTFZqQTRORE5hZFdWT01raHVPWEpyYjFwdVoyYxAB,ChIJzdQRIBm8bi4R8nGBMH4W8KI,Rumah Makan Panorama,indramayu,Kuliner,5,Ketiga kalinya saya kesini setiap kunjungan ke indramayu,2026-01-17T08:28:21.894Z,Andrie Setiawan,105534589663603506772,True,0,id,2026-05-05T05:18:05.924229
Ci9DQUlRQUNvZENodHljRjlvT25STGVuRnpMVXBDV0RGdk4xSTVSV1JNVTNKNFUxRRAB,ChIJzdQRIBm8bi4R8nGBMH4W8KI,Rumah Makan Panorama,indramayu,Kuliner,5,"Rumah Makan Panorama berada di desa Tambak Indramayu, 5-7 km dari Tugu Mangga Indramayu.

Makanan : Wajib coba Pindang Gombyang mkanan Khas Indramayu disini, masih banyak juga menu lain seperti bandeng tanpa diri, ayam bakar/goreng, ikan, udang, cumi, tahu tempe, sayur asemu kangkung dll

Minuman : Teh hangat tawar free, sambel lalap free

Layanan : pelayanan ramah dan respon nya baik

Suasana : Tempat makan berupa lesehan di saung diatas kolam, VIP juga ada dk dalam ruangan, parkir luas cukup buat motor mobil

Berada di pinggir Jalan arah Pantai Pataya dan Karangsong",2026-01-04T04:30:29.218Z,Dewi Rosita,118153433756131489016,True,0,id,2026-05-05T05:18:05.924265
Ci9DQUlRQUNvZENodHljRjlvT2pkck9WRlVjRzlFWkZCblZEUk5RVTlTVUVGdWVIYxAB,ChIJzdQRIBm8bi4R8nGBMH4W8KI,Rumah Makan Panorama,indramayu,Kuliner,5,"Setelah sekian lama akhirnya nyoba makan siang disini..
Tepatnya tgl 2 Jan 2026 kesini abis jumatan.
Pertama dateng lgs disuguhin areal parkir mobil yang luasnya pake bgt,, bis aja masuk kayaY ( 3/4 ).
Gas pesen menu...
1. Gurame bakar
2. Cumi bakar
3. Udang asam manis
4. Udang bakar
5. Etong bakar
6. Karedok
7. Sambal 3 Rupa ( kacang,terasi,kecap )

Selama proses pesenan belom mateng kita2 muterin area rumah makan sekalian lihat2.
Ternyata area perairan sekitar saung bisa di pancing.
Sayang kita ga bawa umpan, klo pancinganY Ready.
FYI harga per kg ikan nya mulai dari Rp 40.000

Menurut pendapat keluarga kita yang makan dsni...
Sambal terasinya berasa tapi agak kurang nendang rasaY..
Kecap sama kacang mantap.

Klo pindang gombyangY...
IkanY oke enak rasaY pas. Tapi klo kuahnya agak bukan gombyang ya...

Ikan bakar semua enak, daging mateng penuh...
Per udangan juga sama... enak.
Bumbu asam manisnya terlalu manis malah,, kurang kecut.

Tapi oke lah.
Waktu penyajian juga ga terlalu lama... ga cepet juga. Jadi masih oke lah buat saya.

Klo soal harga makanan dan minuman...
Hampir sama rata dgn resto yang ada pada umumnya...
Range harga ga terlalu tinggi..
Yang tinggi itu expetasi kalian sama cita rasa makananY.
Kalo menurut kita...
Rm Panorama bisa di jadiin repeat order kalo mau cari tempat makan yang good.
Dari segi akses jalan,parkiran,tempat makan,suasana ditempat makan,makanan dan minumanY,,,
Lain waktu kalo kita balik lagi ke kota mangga bisa mampir lagi kesini...
Total pengeluaran kita makan dsini...
Rp 766.000
Worth it lah.",2026-01-02T09:01:42.887Z,kodokijo indra anggriawan,113557796010031153265,True,0,id,2026-05-05T05:18:05.924272
Ci9DQUlRQUNvZENodHljRjlvT25ScVltUlpSVUZ4VkVWR05IUnFTVWsxWlVKb2NHYxAB,ChIJzdQRIBm8bi4R8nGBMH4W8KI,Rumah Makan Panorama,indramayu,Kuliner,5,"Menu yang wajib klo datang ke sini, nyobain pindang gombyang, rasanya enak seger, tempatnya cocok buat makan rame-rame sama keluarga",2025-12-31T07:35:49.957Z,Nurul Andarwati,110362150769460143983,True,0,id,2026-05-05T05:18:05.924286
Ci9DQUlRQUNvZENodHljRjlvT2xnMlVISkRjM0IyVm1wMGJVNTVWVVIxVTJONGRuYxAB,ChIJg84axle5bi4ReLWFfAIIe2o,Nasi Lengko Ibu Tiri,indramayu,Kuliner,5,Sarapan wajib kalo lg di indramayu..,2026-05-04T01:20:40.927Z,Wenny N,118085546125595107424,True,0,id,2026-05-05T05:18:05.924300
Ci9DQUlRQUNvZENodHljRjlvT2tsaVVrUk9Oa3R3VDB4RVpUZFRhV1JUV0UxblFuYxAB,ChIJg84axle5bi4ReLWFfAIIe2o,Nasi Lengko Ibu Tiri,indramayu,Kuliner,5,Nasi lengko langganan dari kecil sdh legend,2026-04-14T23:10:26.441Z,mohammad natsir muin,112690939876407888228,True,0,id,2026-05-05T05:18:05.924310
Ci9DQUlRQUNvZENodHljRjlvT21ac1MxQlhTMVEzZVVJNWJWTmlOMkZFTFVaMk9HYxAB,ChIJg84axle5bi4ReLWFfAIIe2o,Nasi Lengko Ibu Tiri,indramayu,Kuliner,3,"Datang ke sini karena rekomendasi dan reviewnya jg bagus2. Sayangnya, tak sesuai ekspektasi. Rasanya biasa aja, cenderung kurang manis. Makan tiga porsi total 60rb dengan menu standar plus 1 es teh manis. Lebih mahal dibanding warung lengko di sekitar.

Warungnya tapi unik, ada di dalam ruangan. Sayangnya penerangannya kurang sekali. Jadi seperti makan di warung remang-remang padahal datang jam 10.30 pagi.",2026-03-24T04:16:00.858Z,Lilis Lisnawati,109486324573759763685,True,0,id,2026-05-05T05:18:05.924318
Ci9DQUlRQUNvZENodHljRjlvT2twZlgwZHNWRlpDYjNGR2R6ZG1UbVprZHpkRGFFRRAB,ChIJg84axle5bi4ReLWFfAIIe2o,Nasi Lengko Ibu Tiri,indramayu,Kuliner,5,Ini warung nasi lengko yang legendaris di Indramayu. Nggak diragukan untuk rasa dan orisinalitas nasi lengko nya. Cobain mampir ke sini kalo lagi ada di Indramayu,2026-02-25T23:41:25.542Z,Maman Lesmana,112930132534905747604,True,0,id,2026-05-05T05:18:05.924325
Ci9DQUlRQUNvZENodHljRjlvT2pSaFVUUlpUa3N6VlVaUVdHZGlTSHBFY0VwVWFHYxAB,ChIJg84axle5bi4ReLWFfAIIe2o,Nasi Lengko Ibu Tiri,indramayu,Kuliner,3,Makanan khas indramayu maknyus,2025-07-31T04:32:10.237Z,nindya narayana,118309901947916577275,True,0,id,2026-05-05T05:18:05.924350
ChdDSUhNMG9nS0VJQ0FnTURJdU9PVjlRRRAB,ChIJg84axle5bi4ReLWFfAIIe2o,Nasi Lengko Ibu Tiri,indramayu,Kuliner,5,Nasi lengko legend..sudah lama di sini. Sangat cocok untuk sarapan.,2025-04-07T00:20:35.885Z,Fandy Fachrizal,117821553109040573524,True,0,id,2026-05-05T05:18:05.924370
ChZDSUhNMG9nS0VJQ0FnTURnLWVyekRBEAE,ChIJg84axle5bi4ReLWFfAIIe2o,Nasi Lengko Ibu Tiri,indramayu,Kuliner,4,"Nasi lengkonya mantap, suasana warungnya tenang dan memorial banget, penus nostalgia. Tapi penerangannya mesti ditambah sih, terutama yg meja di deket jendela tuh kurang pencahayaan.",2025-02-26T01:08:12.236Z,Era Sensei,110338060877716180231,True,0,id,2026-05-05T05:18:05.924377
ChdDSUhNMG9nS0VJQ0FnSUMtOGJXT2h3RRAB,ChIJg84axle5bi4ReLWFfAIIe2o,Nasi Lengko Ibu Tiri,indramayu,Kuliner,5,"Nasi lengko legend, rasanya mantap ditambah krupuk udangnya plus tempe/oncom gorengnya mantul",2024-12-31T05:06:45.559Z,Han Novianto,102398633396265284133,True,1,id,2026-05-05T05:18:05.924390
ChdDSUhNMG9nS0VJQ0FnSUR2bzdyMmtRRRAB,ChIJg84axle5bi4ReLWFfAIIe2o,Nasi Lengko Ibu Tiri,indramayu,Kuliner,5,"Enak, dan khas.
Cuma perlu kasih plang penunjuk di depannya",2024-12-23T15:11:10.486Z,BhimaAnandhikaThambris [BAT],113281644660523316703,True,0,id,2026-05-05T05:18:05.924397
ChdDSUhNMG9nS0VJQ0FnSURQLWREa3FRRRAB,ChIJg84axle5bi4ReLWFfAIIe2o,Nasi Lengko Ibu Tiri,indramayu,Kuliner,4,"nasi lengko lumayan enak, parkiran pinggir jalan",2024-12-03T23:32:16.476Z,Fajar Pratama,105287633149084798361,True,0,id,2026-05-05T05:18:05.924417
ChdDSUhNMG9nS0VJQ0FnSUM3Nk52NTNBRRAB,ChIJg84axle5bi4ReLWFfAIIe2o,Nasi Lengko Ibu Tiri,indramayu,Kuliner,5,Sukaa dengan nasi lengko iniih,2024-08-12T05:17:08.355Z,tuti santoso,111280798030067414723,True,0,id,2026-05-05T05:18:05.924430
ChZDSUhNMG9nS0VJQ0FnSURqMTRuSE93EAE,ChIJg84axle5bi4ReLWFfAIIe2o,Nasi Lengko Ibu Tiri,indramayu,Kuliner,5,Nasi Lengko legend emang inimah... dari dulu masih enak rasanya...,2024-05-08T14:55:58.047Z,Doni Kriswnto,116125078170034245598,True,0,id,2026-05-05T05:18:05.924449
ChdDSUhNMG9nS0VJQ0FnSURqMDVLWDZBRRAB,ChIJg84axle5bi4ReLWFfAIIe2o,Nasi Lengko Ibu Tiri,indramayu,Kuliner,5,Langganan dari TK hahaha,2024-05-07T07:26:08.981Z,Jasmine Clarke,115390690276188096254,True,0,id,2026-05-05T05:18:05.924456
ChdDSUhNMG9nS0VJQ0FnSUQ5cXByOXpRRRAB,ChIJg84axle5bi4ReLWFfAIIe2o,Nasi Lengko Ibu Tiri,indramayu,Kuliner,4,Kurang greget citarasanya.. Meskipun legendaris.. Tapi selera orang beda beda,2024-03-15T11:39:16.535Z,arta masterpieces,116358289486631029116,True,0,id,2026-05-05T05:18:05.924467
ChZDSUhNMG9nS0VJQ0FnSURneDZ1S1BBEAE,ChIJg84axle5bi4ReLWFfAIIe2o,Nasi Lengko Ibu Tiri,indramayu,Kuliner,4,"Nasi lengko legendaris yg berada di Kabupaten Indramayu, murah meriah dan berada dekat dgn taman Cimanuk, Masjid Agung Indramayu,
Ruang parkir lumayan cukup utk menampung beberpa mobil,
Untuk rasa cukup khas, mungkin ini dah generasi ke 2 yg meneruskan usahanya",2024-01-09T12:33:21.102Z,Ade Godel,103979299823235354004,True,1,id,2026-05-05T05:18:05.924480
ChZDSUhNMG9nS0VJQ0FnSURGbDU2Slh3EAE,ChIJg84axle5bi4ReLWFfAIIe2o,Nasi Lengko Ibu Tiri,indramayu,Kuliner,5,The origin of nasi lengko in Indramayu. Rasa tidak berubah sejak istri saya kecil,2023-11-11T05:42:47.845Z,Arvian Redya Putra,112435604395756734760,True,0,id,2026-05-05T05:18:05.924528
ChZDSUhNMG9nS0VJQ0FnSUQ1NXUyX0NREAE,ChIJg84axle5bi4ReLWFfAIIe2o,Nasi Lengko Ibu Tiri,indramayu,Kuliner,5,"Lengkonya enak, sambel kacangnya gurih,. Tempe goreng crunhcy..",2023-10-24T08:09:24.435Z,Ceritanya Fandi,116921065452168066174,True,0,id,2026-05-05T05:18:05.924537
ChdDSUhNMG9nS0VJQ0FnSUNaMGVlaHBRRRAB,ChIJg84axle5bi4ReLWFfAIIe2o,Nasi Lengko Ibu Tiri,indramayu,Kuliner,3,"Rasanya b aja, ga dikasih sambel pedes. Biasanya lengkoh ada tempenya tapi disini tempenya misah. Beli 2 bungkus + tempe 3. Total 27rb. Kaget.. huhu padahal lengkohnya isi tahu, kecambah sayur, udah. Too pricey.",2023-09-12T14:38:05.448Z,anggun,115931635041224556681,True,0,id,2026-05-05T05:18:05.924556
ChZDSUhNMG9nS0VJQ0FnSURwMHZfelZ3EAE,ChIJg84axle5bi4ReLWFfAIIe2o,Nasi Lengko Ibu Tiri,indramayu,Kuliner,5,"Rekomendasi nasi lengko di Indramayu. Cocok utk sarapan bersama keluarga / saat menjamu tamu dari luar kota. Porsi pas (saya pesan nasi 1/2) nasi lengko lauk telur dan tempe goreng sangat nikmat. Sayuran yang digunakan segar sehingga menggugah selera.  Jika suka kerupuk, tersedia kerupuk udang sebagai pelengkap kudapan. Menu yang pas untuk sarapan pagi. Pelayanannya juga ramah dan terasa seperti kembali ke kampung di era tahun 90an. Gerobag angkringan dari kayu tetap dipertahankan diletakkan di dalam rumah menambah suasana seperti makan di warung di desa di tahun 90an. Tersedia pula meja makan & kursi makan yang luas & banyak. Sangat recommended",2023-08-19T08:40:33.652Z,Arini Muthiah,112477512507693261525,True,0,id,2026-05-05T05:18:05.924563
ChdDSUhNMG9nS0VJQ0FnSUNKbXA3aTd3RRAB,ChIJg84axle5bi4ReLWFfAIIe2o,Nasi Lengko Ibu Tiri,indramayu,Kuliner,4,Ini tempat makanan khas lengko rasanya muantep dan murah meriah,2023-06-25T10:10:23.289Z,Endang Suhardi PJOK SMKN 1 Lea,110833549482786483502,True,0,id,2026-05-05T05:18:05.924571
ChZDSUhNMG9nS0VJQ0FnSURSM3FPbFBnEAE,ChIJg84axle5bi4ReLWFfAIIe2o,Nasi Lengko Ibu Tiri,indramayu,Kuliner,1,Lengko yg sangat enak clasic jaman saya SD mntap tempe nya,2023-04-26T06:05:16.157Z,dian iskandar,103356406181317295649,True,0,id,2026-05-05T05:18:05.924590
ChdDSUhNMG9nS0VJQ0FnSURSM3ZxQXZRRRAB,ChIJg84axle5bi4ReLWFfAIIe2o,Nasi Lengko Ibu Tiri,indramayu,Kuliner,5,"Cocok untuk menjamu tamu dari luar kota untuk memperkenalkan nasi lengko khas Indramayu. Pelayanan baik dan cakap, tempat bersih.",2023-04-26T03:51:05.901Z,Lly,102462427810589950821,True,1,id,2026-05-05T05:18:05.924598
ChdDSUhNMG9nS0VJQ0FnSURSb3I3ZjBnRRAB,ChIJg84axle5bi4ReLWFfAIIe2o,Nasi Lengko Ibu Tiri,indramayu,Kuliner,4,"Biar kata Ibu Tiri, tapi nasi lengkonya rasa Ibu Kandung...",2023-04-21T06:17:54.048Z,Muhammad Taofik,117563206787454937400,True,0,id,2026-05-05T05:18:05.924618
ChdDSUhNMG9nS0VJQ0FnSURCbXZTcjJRRRAB,ChIJg84axle5bi4ReLWFfAIIe2o,Nasi Lengko Ibu Tiri,indramayu,Kuliner,4,Makanan khas Indramayu sudah 3 generasi berjualan,2023-01-17T03:53:36.979Z,Maman Abdurahman,109118760955349403267,True,0,id,2026-05-05T05:18:05.924643
ChdDSUhNMG9nS0VJQ0FnSUNCMzd1X3RRRRAB,ChIJg84axle5bi4ReLWFfAIIe2o,Nasi Lengko Ibu Tiri,indramayu,Kuliner,5,Tempat nya perlu space buat parkir mobil,2023-01-08T11:21:35.047Z,aditya warman,110579915773353050419,True,0,id,2026-05-05T05:18:05.924650
Ci9DQUlRQUNvZENodHljRjlvT21Ga2NXd3hkR3gzT0doTVdWZGZibHBsT1hCWGJGRRAB,ChIJo2-wcQDHbi4RXThDR475Q5A,Warung mak titi,indramayu,Kuliner,5,"pesen nasgor kambing, capcay sama tahu enak semua, pelayan juga ramah2 aja kok. 5 star",2026-03-27T14:30:51.826Z,Rizqi Muhammad Akbari,103112351613013402577,True,0,id,2026-05-05T05:18:05.924688
Ci9DQUlRQUNvZENodHljRjlvT2kweVVFZzVSVFZwZUU1NGVHRjRSVzFyUkdkWVEyYxAB,ChIJo2-wcQDHbi4RXThDR475Q5A,Warung mak titi,indramayu,Kuliner,5,Sayanya ada tamu tak diundang berkeliaran... Selebihnya ok,2026-03-26T04:18:18.000Z,Mus Kari,108074272861038749303,True,0,id,2026-05-05T05:18:05.924695
Ci9DQUlRQUNvZENodHljRjlvT2xkV1JsRXRNMVZRWm5scWRrOXdZMDB3ZEd0S05rRRAB,ChIJo2-wcQDHbi4RXThDR475Q5A,Warung mak titi,indramayu,Kuliner,1,"super lelet pelayanannya, padahal banyak pelayan..",2026-03-24T05:41:25.642Z,Biji Onta,117299328837507397217,False,0,id,2026-05-05T05:18:05.924713
Ci9DQUlRQUNvZENodHljRjlvT25GdE5XaHhTelpuYUZaRE9UWlFURnBQUWpOaVpFRRAB,ChIJo2-wcQDHbi4RXThDR475Q5A,Warung mak titi,indramayu,Kuliner,1,"pelayanan lama super lelet nunggu makan bisa sampe 3 jam. pelayannya jutek semua, tau cape tapi apa attitude melayani harus muka tekuk nada bicara g sopan.",2026-03-22T13:02:16.472Z,Dinda Rahmawati,118325832473477317511,False,0,id,2026-05-05T05:18:05.924720
Ci9DQUlRQUNvZENodHljRjlvT2tadk9YRnljbU4yZUU5SFRUTk1TRWRGYkVGbGIwRRAB,ChIJo2-wcQDHbi4RXThDR475Q5A,Warung mak titi,indramayu,Kuliner,5,"Suasananya seru, dan cocok sekali untuk ngumpul bareng keluarga jauh",2026-03-22T07:00:00.240Z,Darma Yumna,100531209471384882311,False,0,id,2026-05-05T05:18:05.924727
ChdDSUhNMG9nS0VJQ0FnTUNJaWVDR2lBRRAB,ChIJo2-wcQDHbi4RXThDR475Q5A,Warung mak titi,indramayu,Kuliner,4,"Ini tahun ke 2 lebaran makan disini, masih tetap belum ada perubahan. Makanan cukup enak, suasana ditengah sawah... Hanya pelayanannya kurang cepat, harus sabar...",2026-03-22T06:22:55.050Z,abbas pristiwa,114590769363178873436,True,0,id,2026-05-05T05:18:05.924734
Ci9DQUlRQUNvZENodHljRjlvT2poSFREUk1VREV5YlZoWVIxRmlVVTFsUzBsSk5YYxAB,ChIJo2-wcQDHbi4RXThDR475Q5A,Warung mak titi,indramayu,Kuliner,1,"lelet, antri ga jelas apalagi pada saat bayar, banyak nyamuk dan lalat, cumi saos padang malah kaya asam manis, parkiran ngaco haduh, ga lagi🙏🏻",2026-03-18T12:09:43.536Z,Defina Damayanti,104430551830247534340,True,0,id,2026-05-05T05:18:05.924741
Ci9DQUlRQUNvZENodHljRjlvT210bk5sWkRjbVJ3YWpsWmFsUllRbkpwWW5GWk4yYxAB,ChIJo2-wcQDHbi4RXThDR475Q5A,Warung mak titi,indramayu,Kuliner,1,"Pertama kali pgn coba makan disini dapatnya pelayanan kurang baik .
Sudah reservasi dari hari sebelumnya ,pas hari h  siangnya diberi tahu makanan nggak sedia ,oke,,pas sorenya tinggal datang buka puasa ,,jadwal harinya diubah karna memang pas ditanya siang itu kami keliru tapi kok ya beda hari nggak ditanggapin padahal diawal reservasi dihari itu ,beda dengan reservasi diawal mestinya ditanyakan lah,bukan nya di-iyakan saja,pelayanan nya kurang baik aja mau pertama kali kesitu",2026-03-06T11:27:11.374Z,Ryan Khariri,105287525897567605602,True,0,id,2026-05-05T05:18:05.924755
Ci9DQUlRQUNvZENodHljRjlvT2xZMlNVOUlWbWt3ZDNwYVkzUjVUazV1V0ZSWVRuYxAB,ChIJo2-wcQDHbi4RXThDR475Q5A,Warung mak titi,indramayu,Kuliner,1,"Yang punya sumbu pendek jangan makan disini.
Pesan makan gak di kasih minum sekeluarga.
Kacau hanya mencari keuntungan pelayanan nya 0 besar.",2026-03-01T11:35:01.300Z,bebeng riyanto,115422647074775496518,False,0,id,2026-05-05T05:18:05.924761
Ci9DQUlRQUNvZENodHljRjlvT2t3M2RYUnNlbDlvY0RFMlF5MTJSVlUxY0haNk5IYxAB,ChIJo2-wcQDHbi4RXThDR475Q5A,Warung mak titi,indramayu,Kuliner,5,Enak loh makanan disini. Arah mau ke Jatibarang iseng mampir ternyata enak makanannya. 😆,2026-02-18T08:56:56.686Z,Nuzul Witama,102807794955864768337,True,0,id,2026-05-05T05:18:05.924782
Ci9DQUlRQUNvZENodHljRjlvT2t0Q1NtZE1UMVIwUjNnMFRWUnphRkF4Y1VNMFpWRRAB,ChIJo2-wcQDHbi4RXThDR475Q5A,Warung mak titi,indramayu,Kuliner,1,"Beberapa kali bawa rombongan keluarga maupun rekan kerja,ini 2xnya saya kecewa dengan etitude pelayan,.
Tolong bu titi di didik lagi pelayan ny,jangan sampai mengecewakan banyak konsumen,.
Tadi saya bawa rombongan,memang kami tidak tau tempat yg kami duduk sudah di reservasi atau belum,karena tidak ada tulisan ny,aturan mbak nya bilang permisi,maaf,.tau2 ceplas ceplos seakan akan mengusir kami,.mending kalau cantik,udah muka nya demek,jutek,.kecewa saya bu titi

Untuk makanan enak,suasana nyaman,tpi pelayanan buruk,.harus teriak2 kalau manggil",2026-02-13T07:40:26.441Z,Edukasi Sejarah,101103894774918019763,False,0,id,2026-05-05T05:18:05.924789
Ci9DQUlRQUNvZENodHljRjlvT2pKelQzcE1Xa1F5UW1wZk9WSmlYelJOZEVwdldYYxAB,ChIJ4To8mAHAbi4RakGImEOpH_Q,Sate Mang Rum Junti,indramayu,Kuliner,1,Terlalu mahal sate ayam seporsi 50rbu sate kambing 100rbu per porsi terlalu overprice kapok,2026-04-03T09:31:23.087Z,ekki riztriawan,116047850653235386882,True,0,id,2026-05-05T05:18:05.924796
Ci9DQUlRQUNvZENodHljRjlvT2pNelVYbDJZM1JtV0RoVGVqWlVkMXBRVlROMU5uYxAB,ChIJ4To8mAHAbi4RakGImEOpH_Q,Sate Mang Rum Junti,indramayu,Kuliner,2,"Harganya terlalu mahal, rasanya B aja malah lebih enak sate yang grobakan pinggir jalan, turunin lagi kalo bisa harganya biar pembeli ga kabur, karyawan jg ky kurang ramah gitu, sayang udah punya nama, semoga ownernya baca dan berbenah",2026-03-02T21:27:50.973Z,Alviano Calvin,113913102139934228394,False,0,id,2026-05-05T05:18:05.924804
Ci9DQUlRQUNvZENodHljRjlvT2tGMFptdG9aVzlyVVVwNVVFWnJZbHBLVGxVMFUzYxAB,ChIJ4To8mAHAbi4RakGImEOpH_Q,Sate Mang Rum Junti,indramayu,Kuliner,5,Rumah Makan Sate Mang Rum Sang Legendaris.. tidak perlu diragukan lagi,2026-02-19T01:02:31.097Z,Nety Net'Not,116169363688127538472,True,0,id,2026-05-05T05:18:05.924811
Ci9DQUlRQUNvZENodHljRjlvT25sZk1GSjZVMmRKZEdORlFXRTFOMlJtVFZoNFVHYxAB,ChIJ4To8mAHAbi4RakGImEOpH_Q,Sate Mang Rum Junti,indramayu,Kuliner,4,"Sate kambing legendaris di indramayu.
Harganya cukup mahal, tapi ok lah untuk cobain pertama kali.
Tekstur dagingnya kurang empuk.
Acar bawang putihnya enak 👍",2025-10-21T01:13:29.831Z,Airborne -,108738763857815924002,True,0,id,2026-05-05T05:18:05.924831
Ci9DQUlRQUNvZENodHljRjlvT21aTWNTMUhja2x1TFc1clJHazNlVEJNWVV0TWFFRRAB,ChIJ4To8mAHAbi4RakGImEOpH_Q,Sate Mang Rum Junti,indramayu,Kuliner,2,"Ini pemilik/pengelola/karyawan pada baca review di google gak sih? Harga per tusuknya relatif mahal sih, udah kayak harga di restoran-restoran sate ternama di kota besar, kayak gak masuk akal aja gitu makan sate di kampung sendiri 10rb/tusuk, pantesan kok sekarang jadi sepi banget restorannya. Semoga segera berbenah ya, sayang banget namanya udah melegenda tapi ditinggalin orang karena harganya bikin orang gak mau datang lagi atau batal masuk.",2025-10-16T11:57:25.979Z,Iin Ayuni,107150606423308384637,False,0,id,2026-05-05T05:18:05.924838
Ci9DQUlRQUNvZENodHljRjlvT2xSUkxVSjFOa1ZOYkZod1RXSjBVVFZ0VG05d1ltYxAB,ChIJ4To8mAHAbi4RakGImEOpH_Q,Sate Mang Rum Junti,indramayu,Kuliner,2,"Rasa B saja, dan harganya ngga kira2.. Mahal sekali.",2025-07-21T05:06:56.381Z,Dwi Astuti,111692527087878892265,True,0,id,2026-05-05T05:18:05.924851
Ci9DQUlRQUNvZENodHljRjlvT2tKdk1UQnVlVTV2TUdRd1YxZHhNV0UwYm5sbk1uYxAB,ChIJ4To8mAHAbi4RakGImEOpH_Q,Sate Mang Rum Junti,indramayu,Kuliner,1,進門發現全部未標價.想說應該不會亂算.結果結帳羊肉及牛肉串10支各100000元.平常店家價格約60000元.請注意?,2025-07-17T10:22:05.086Z,杜明哲,105345466776373129684,True,0,zh-Hant,2026-05-05T05:18:05.924858
Ci9DQUlRQUNvZENodHljRjlvT21sdFdreGpNbVZYYWpKNVZTMW9SMEZzTnpsSlMzYxAB,ChIJ4To8mAHAbi4RakGImEOpH_Q,Sate Mang Rum Junti,indramayu,Kuliner,1,"Harganya terlalu mahal, padahal rasanya biasa saja. Saya cuma beli 25 tusuk sate kambing harganya bikin kaget😱(250k).Kalau jualan tolong di pasang daftar harganya dong!!! Biar orang yang beli tahu😡

YANG MAU BELI, DIPIKIR LAGI YAA🤗",2025-06-28T04:21:48.927Z,Arga Abyantara,103789075015597863745,False,0,id,2026-05-05T05:18:05.924872
Ci9DQUlRQUNvZENodHljRjlvT2pkalRFWjNURzk1V1dFM1FYTlBlbVpXYjBwTVNXYxAB,ChIJ4To8mAHAbi4RakGImEOpH_Q,Sate Mang Rum Junti,indramayu,Kuliner,1,"Jangan kesini harga sate kambing gak umum,2 kodi 400rb+3 soup :120rb🤣  bikin orang kapok mampir lagi😁",2025-06-19T08:18:35.768Z,Harjo Poncobuwono,115184234820516761253,False,1,id,2026-05-05T05:18:05.924879
ChZDSUhNMG9nS0VJQ0FnTUNZeElxVWRREAE,ChIJ4To8mAHAbi4RakGImEOpH_Q,Sate Mang Rum Junti,indramayu,Kuliner,3,Perlu renovasi ruangan biar lebih nyaman untuk makan dan rapat kecil sambil makan.,2025-05-01T10:52:16.974Z,Ifoel Yamin,102822412029085858224,True,0,id,2026-05-05T05:18:05.924892
ChdDSUhNMG9nS0VJQ0FnTURvdmRlTm5RRRAB,ChIJ4To8mAHAbi4RakGImEOpH_Q,Sate Mang Rum Junti,indramayu,Kuliner,5,"Sate legendaris, walau ada bbrp warung makan sekitarnya yg jual sate juga, sate ini tetep juaranya hehe bagi orang Junti Karpel dan sekitarnya, cuma kudu di upgrade lagi restonya biar makin menarik",2025-04-28T01:58:30.616Z,pyromaniac cy,102558017317843420992,False,0,id,2026-05-05T05:18:05.924899
ChZDSUhNMG9nS0VJQ0FnTUNvazh6NU53EAE,ChIJ4To8mAHAbi4RakGImEOpH_Q,Sate Mang Rum Junti,indramayu,Kuliner,3,"Untuk rivew saya sama aja sama yang lain, anda bisa liat sendiri foto yang saya upload, rasanya opini pribadi engga semewah harganya 😁 engga papa buat pengalaman aja 😂 sukses selalu buat yang punya usahanya, saranku upgrade sesuaikan harga dan rasa 👌",2025-04-19T16:04:22.568Z,PARKBOY,112179876028480263553,True,2,id,2026-05-05T05:18:05.924905
ChZDSUhNMG9nS0VJQ0FnTURJd05uVUtREAE,ChIJ4To8mAHAbi4RakGImEOpH_Q,Sate Mang Rum Junti,indramayu,Kuliner,1,"Sate nya mahal nya doang,rasa nya biasa aja",2025-04-06T03:40:18.173Z,Aan Ianah,101125312651151443025,False,0,id,2026-05-05T05:18:05.924912
ChZDSUhNMG9nS0VJQ0FnSUNQdE91Z2R3EAE,ChIJ4To8mAHAbi4RakGImEOpH_Q,Sate Mang Rum Junti,indramayu,Kuliner,3,"Sate lumayan enak,cuma kaget aja pas bayar kurleb 550 rb,ternyata satenya10 tusuk 100rb,beli 40 jadi 400rb,padahal pas awal datang nanya daftar menu,pelayannya bilang ga ada,yahh..cukup sekali aja deh mampir disini",2024-11-21T23:06:47.654Z,Mohamad Faisal,106206093354333163474,True,1,id,2026-05-05T05:18:05.924931
ChZDSUhNMG9nS0VJQ0FnSURIZzlQT09BEAE,ChIJ4To8mAHAbi4RakGImEOpH_Q,Sate Mang Rum Junti,indramayu,Kuliner,4,"Biasa aja, standar",2024-09-19T08:48:18.714Z,shofyan ma'ruf,117617028683402594343,True,0,id,2026-05-05T05:18:05.924961
ChdDSUhNMG9nS0VJQ0FnSUNiNDlMZDlRRRAB,ChIJ4To8mAHAbi4RakGImEOpH_Q,Sate Mang Rum Junti,indramayu,Kuliner,5,Ukuran satenya gede2 beud. Puas. Sop nya juga mantabs..,2024-07-29T13:21:26.765Z,Maryono MBA,108061247678186135925,True,0,id,2026-05-05T05:18:05.924986
ChdDSUhNMG9nS0VJQ0FnSURqc29EaWdnRRAB,ChIJ4To8mAHAbi4RakGImEOpH_Q,Sate Mang Rum Junti,indramayu,Kuliner,3,"If you like the original taste of junti satay this is the place to go, freshly grilled, smoky room, plain nut sauce, 4 bottle of soy selection, no additional seasoning or shallot",2024-05-01T10:13:19.228Z,phasya,109137025010799584763,True,0,en,2026-05-05T05:18:05.925011
ChZDSUhNMG9nS0VJQ0FnSURqLUtTcVdREAE,ChIJ4To8mAHAbi4RakGImEOpH_Q,Sate Mang Rum Junti,indramayu,Kuliner,1,Sate mahal gak karuan rasanya gak enak pula...,2024-04-29T07:42:23.946Z,suara hati,104980196089244162797,False,0,id,2026-05-05T05:18:05.925018
ChZDSUhNMG9nS0VJQ0FnSUQ5NHFhSER3EAE,ChIJ4To8mAHAbi4RakGImEOpH_Q,Sate Mang Rum Junti,indramayu,Kuliner,1,"Malam malam Pengen Empal Mang Rum, beli 25 Ribu .. pas Di Buka Mau Makan empalnya Basi . Kalau empal basi Jangan Di kasihkan Ke Orang Bilang Aja Habis atau Gimnana ? Pantesan Tadi Malam Bli Empal Biasanyaa Cepat Tumben Lama Banget Eh pas Nyampe Rumah di Makan Basi Empalnya ..",2024-03-14T21:06:49.819Z,Putra Abyasa,110330571331638181554,False,0,id,2026-05-05T05:18:05.925025
ChZDSUhNMG9nS0VJQ0FnSUQ5NHZyWElnEAE,ChIJ4To8mAHAbi4RakGImEOpH_Q,Sate Mang Rum Junti,indramayu,Kuliner,1,Empal basi di kasiin masi mnding ngmong aja kosong saya kan bsa beli sate..!,2024-03-14T21:03:24.482Z,Marwah Mulya,116928008544328198664,False,1,id,2026-05-05T05:18:05.925032
ChZDSUhNMG9nS0VJQ0FnSUN0dmNLN2ZREAE,ChIJ4To8mAHAbi4RakGImEOpH_Q,Sate Mang Rum Junti,indramayu,Kuliner,5,"Sejak kecil , sering diajak makan sama ayah di sate mang Rum , maka nya kalau lewat masih suka mampir , sate nya enak , empuk daging nya",2024-01-31T14:17:15.224Z,Doddy Lanjetha Permadi,115241964390779973109,True,0,id,2026-05-05T05:18:05.925040
ChdDSUhNMG9nS0VJQ0FnSUQxcFBEVjdBRRAB,ChIJ4To8mAHAbi4RakGImEOpH_Q,Sate Mang Rum Junti,indramayu,Kuliner,1,"Beli sate ayam 20 tusuk , sate kambing 10 tusuk , nasi 2 bungkus. Pas bayar 200 rebu 🥵😭 . Bagi saya ga masalah harga segitu tapi sayang rasa dan harga ga sepadan. Not remomended !!!! Saran aja bagi yg mau beli mending tanya harga dulu.

Rasa tolong di perbaiki lagi , ada harga ada kualitasnya krena harga nya setara dengan restoran besar. Sangat mahal ! Jujur kurang puas dengan rasanya , B aja...",2024-01-05T10:48:58.704Z,Nur Fitriyani,101629114742577975184,True,3,id,2026-05-05T05:18:05.925059
Ci9DQUlRQUNvZENodHljRjlvT25ZMmVVbEVXVE00YXpsNFYwNVFNVmh1YWt4VVZtYxAB,ChIJo2-wcQDHbi4RXThDR475Q5A,Warung mak titi,indramayu,Kuliner,4,"Tempatnya adem, rindang banyak pohon dekat sawah",2026-01-18T14:20:06.520Z,Kali Gane,102787111258097973268,True,0,id,2026-05-05T05:18:05.925073
Ci9DQUlRQUNvZENodHljRjlvT2t3d1dtaHNhamxJVGpRMlNGcENiRjlzY1RCbk5HYxAB,ChIJo2-wcQDHbi4RXThDR475Q5A,Warung mak titi,indramayu,Kuliner,1,Pelayanan nya kurang...,2026-01-12T16:37:30.256Z,Jaya leha gypsum,106274802102179831155,True,0,id,2026-05-05T05:18:05.925080
Ci9DQUlRQUNvZENodHljRjlvT25Sb1VuVnFWV2R1VGtSMllWaGtXR2t6ZFMxMlVXYxAB,ChIJo2-wcQDHbi4RXThDR475Q5A,Warung mak titi,indramayu,Kuliner,1,"Tolong ini rumah makan udh punya nama dan masakannya enak tapi kenapa di karpet tempat lesehan banyak ee tikus dan bau pipis tikus, bau bgt. Terus pindah ke korsi dduk eh dikorsi dduknya ada ee tikus nya, fix ini tmpat ga mikir kbersihan, aturan stiap pagi dibersihin dulu sblm buka krna emg bnyak ee tikus, makan pun dg aroma semerbak ppis tikus dan ee burung, krna disitu banyak burung peliharaan yg punya kedai resto, cukup sekali makan disitu, tempatnya jorok",2026-01-05T15:59:46.742Z,Riyanto Riyanto,108702401002816312541,False,0,id,2026-05-05T05:18:05.925093
Ci9DQUlRQUNvZENodHljRjlvT2xoSWNUWkZkRkJtUmpOUlkwcHpjVXBoYkVzd01HYxAB,ChIJo2-wcQDHbi4RXThDR475Q5A,Warung mak titi,indramayu,Kuliner,1,"Jangan pernah kesini disaat perut anda lapar, super duper lelet sekali pelayanannya, dari datang pesan makan sampai makanannya disajikan bisa sampai 3jam baru bisa makan astaghfirullah dah kata gue",2026-01-01T11:43:27.269Z,Rachman Novianto,111316691154060578713,False,0,id,2026-05-05T05:18:05.925100
Ci9DQUlRQUNvZENodHljRjlvT25CTWRpMDFjWEJxTUZaMlp6WkhVME14VkdGa1IxRRAB,ChIJo2-wcQDHbi4RXThDR475Q5A,Warung mak titi,indramayu,Kuliner,5,"Tempat makan semi outdoor, dijamin gak kepanasan, krn deket sawah, angin semilir kenceng banget, pilih duduk yg deket sawah yaa enaakk, menunya enak semua asli, sbg orang Jawa Timur yg merantau di Indramayu, cocok banget disini rasanya dengan lidah saya, ada asinnya, ada manisnya, tp serba pas pokoknya, dah bolak balik kesini",2025-12-21T06:41:13.051Z,Ana ElMumtaz,111731345949963944925,True,0,id,2026-05-05T05:18:05.925115
Ci9DQUlRQUNvZENodHljRjlvT25RMVpEVjRjREphYlUxWlNGOXZTRVZzTkhCdGJGRRAB,ChIJo2-wcQDHbi4RXThDR475Q5A,Warung mak titi,indramayu,Kuliner,4,Came all the way from Singapore to try the food recommend by my indonesian wife. Food was great. The satay meat is quite tough to bite. Good portion for just 2 person meal. Downside is the service quite slow.,2025-12-12T07:49:05.285Z,Adam Tan,106573545451065244427,True,0,en,2026-05-05T05:18:05.925128
Ci9DQUlRQUNvZENodHljRjlvT2xGa1UyUlpPRzVOVkUxelZtUmpYM1ZKVld4WU9IYxAB,ChIJo2-wcQDHbi4RXThDR475Q5A,Warung mak titi,indramayu,Kuliner,4,"Menu nya banyak fariasi... Klo rasa standar, yg oke tempatnya nyaman dan instagramable",2025-12-01T12:05:32.760Z,Arief Wijaya,103547661845393536990,True,0,id,2026-05-05T05:18:05.925136
Ci9DQUlRQUNvZENodHljRjlvT2psSVlWSTNNbE5VWTI0elFrUlBTa2RFVjFoRFFuYxAB,ChIJo2-wcQDHbi4RXThDR475Q5A,Warung mak titi,indramayu,Kuliner,2,Maaf ulasannya tidak bagus akanan rasanya lumayan enak tapi gurame saus tiram nya itu ikannya gak matang masih ada darahnya mohon masaknya dibetulin lagi sayang kan kalau gak dimakan udah bayar 🙏,2025-11-30T08:10:20.199Z,Sokhipah Alfifahri,102249542389682599082,True,0,id,2026-05-05T05:18:05.925143
Ci9DQUlRQUNvZENodHljRjlvT2xkRGRUQk9XV2xETmkxbVRsaGZiMmgxZG01Q1drRRAB,ChIJo2-wcQDHbi4RXThDR475Q5A,Warung mak titi,indramayu,Kuliner,5,"Mantap parkir luas, menu lengkap, Sunda Jawa masuk, area untuk anak2 jg ada jd no worry kalo mau mkn tp bawa anak2 bisa sambil lyt in mreka main, mau tmpt yg lesehan, ala kafe, ala tongkrongan pinggir sawah y jg mantep sesuai selera aja mau duduk dmna gk bakal takut2 gk kebagian tmpt deh pokoknya mantep poll 🥰 aku yg orang imkot puas bawa relasi atau tamu madang dn santai di sini",2025-11-10T04:14:28.457Z,Lily Fitriyani,108261378514035545175,False,0,id,2026-05-05T05:18:05.925162
Ci9DQUlRQUNvZENodHljRjlvT2tad1ltNUtURjkzTUc5UmNGRnBlV3hhT1V4SFZHYxAB,ChIJo2-wcQDHbi4RXThDR475Q5A,Warung mak titi,indramayu,Kuliner,5,"Udah nyoba makan siang di tempat menu nasi timbel liwet
Nyoba juga via gofood dan bener bener enakkk meskipun ngga di tempat langsung",2025-11-08T05:52:17.101Z,Lastri Rahayu,118370512021525006518,False,0,id,2026-05-05T05:18:05.925169
Ci9DQUlRQUNvZENodHljRjlvT21OM1VWVnRhMVZZWVhsVFVVMTNWMHhMVEV0YU1FRRAB,ChIJo2-wcQDHbi4RXThDR475Q5A,Warung mak titi,indramayu,Kuliner,5,"Mantap makan disini, nasi liwetnya mantap..
Ada arena bermain anak²",2025-10-31T11:55:54.982Z,win channel,101496563348719255789,True,0,id,2026-05-05T05:18:05.925176
Ci9DQUlRQUNvZENodHljRjlvT2tkRWNXaHRaams0UWxKNlZHdFJPVlpXVWtkM1IyYxAB,ChIJo2-wcQDHbi4RXThDR475Q5A,Warung mak titi,indramayu,Kuliner,4,"Pesanan tidak disajikan semuanya, karena ternyata tidak semua pesanan di catat oleh petugas nya, dimana pelayanan nya juga mencatat sebagian pesanan tanpa ada senyum sama sekali",2025-10-12T14:25:28.223Z,triadi heruprakoso,111839172152883810046,True,0,id,2026-05-05T05:18:05.925183
Ci9DQUlRQUNvZENodHljRjlvT2xCNldWSm9ORGhrWkVGcGVGOXdUVVJSVmtvd0xVRRAB,ChIJo2-wcQDHbi4RXThDR475Q5A,Warung mak titi,indramayu,Kuliner,5,"Suasana ok
Rasa makanan nya ok.
Kalau lg di Indramayu jgn lupa mampir ke sini gaes",2025-10-05T06:40:06.352Z,Danur Bendo,114999418815284204611,True,0,id,2026-05-05T05:18:05.925190
Ci9DQUlRQUNvZENodHljRjlvT2pBek0zaFVjVzFWZGtWVGNsWndUVWRUVEhwZlZYYxAB,ChIJo2-wcQDHbi4RXThDR475Q5A,Warung mak titi,indramayu,Kuliner,4,"Suasana tempatnya luas , ada lesehan dan meja makan .",2025-09-21T23:41:18.035Z,Pardoyo Yoyok,101077974231832157330,True,0,id,2026-05-05T05:18:05.925196
ChdDSUhNMG9nS0VJQ0FnSUMxbE1iRzJBRRAB,ChIJ4To8mAHAbi4RakGImEOpH_Q,Sate Mang Rum Junti,indramayu,Kuliner,2,Rasa tergolong kurang untuk harga 1kodinya 180.000,2023-12-23T11:42:05.365Z,jonathan souw,112323223152565592569,False,0,id,2026-05-05T05:18:05.925210
ChdDSUhNMG9nS0VJQ0FnSURWMUxpRHlRRRAB,ChIJ4To8mAHAbi4RakGImEOpH_Q,Sate Mang Rum Junti,indramayu,Kuliner,5,"Depan jalan gede, atmosphere opo 😅
Tapi sate nya sih ajib..cobain berlemak & tanpa lemak plus gulai kambingnya..nyam nyam nyam",2023-12-11T06:19:03.100Z,Ardi Djamal,116858732056822965934,True,0,id,2026-05-05T05:18:05.925224
ChdDSUhNMG9nS0VJQ0FnSURwLW82VWdRRRAB,ChIJ4To8mAHAbi4RakGImEOpH_Q,Sate Mang Rum Junti,indramayu,Kuliner,4,Kecap nya mantap,2023-08-20T16:58:58.774Z,rebiman 17,103657699252662690420,True,0,id,2026-05-05T05:18:05.925267
Ci9DQUlRQUNvZENodHljRjlvT25Ca1FUZ3dlVE5vTkc4d1JrZzFiVnBuYWtkRlNIYxAB,ChIJF_bz3fm_bi4RhOolfUNFEUI,Sate Mang Dam Junti,indramayu,Kuliner,5,"sate kambing nya enak, tongseng dan sop nya juga enak 😭👍🏻❤️",2026-04-15T02:57:31.032Z,Nurameyliah,111713864153463614767,True,0,id,2026-05-05T05:18:05.925285
Ci9DQUlRQUNvZENodHljRjlvT25OcVRHSlRRVkp5UldoVU1EWXRWVzFqUjBzd2FsRRAB,ChIJF_bz3fm_bi4RhOolfUNFEUI,Sate Mang Dam Junti,indramayu,Kuliner,5,"Sudah coba sate kambing di beberapa tempat, namun sate kambing muda di sini masih yg paling enak 😩🙌🏼",2025-12-07T14:15:05.871Z,Vicklen Pesiwarissa,102129499372159576315,False,0,id,2026-05-05T05:18:05.925302
Ci9DQUlRQUNvZENodHljRjlvT2pCelVXdFdWWGhqWW1JMlJrSTJUVTlqTVhGdldWRRAB,ChIJF_bz3fm_bi4RhOolfUNFEUI,Sate Mang Dam Junti,indramayu,Kuliner,5,Pertama kali makan disini rasanya mantul sate kambingnya. Kalo tongseng kuahnya nya kayak sop tapi rasanya enak.,2025-09-02T09:52:37.257Z,R. Apandi,100295498434243390951,True,0,id,2026-05-05T05:18:05.925321
Ci9DQUlRQUNvZENodHljRjlvT20xdWFEbFFNVWhHU210NVdWSmxhM05EY1RCdVZIYxAB,ChIJF_bz3fm_bi4RhOolfUNFEUI,Sate Mang Dam Junti,indramayu,Kuliner,1,"Terlalu mahal 10 tusuk sate 100 ribu,ngapokin gak bakal mampir lagi.",2025-08-29T14:23:58.733Z,Astri rokman,107172578728358809035,False,0,id,2026-05-05T05:18:05.925329
Ci9DQUlRQUNvZENodHljRjlvT21WWlNFMVNkbEk1WWpkd01IZElTMGhoV201aVJtYxAB,ChIJF_bz3fm_bi4RhOolfUNFEUI,Sate Mang Dam Junti,indramayu,Kuliner,5,"Enak, harga wajar. Pertama kali coba tongseng tanpa santen di sini",2025-08-12T23:59:54.753Z,Andri Himawan,101179344599110015756,False,0,id,2026-05-05T05:18:05.925337
Ci9DQUlRQUNvZENodHljRjlvT2pSVmVqVTVRa1ptTTB0V1EzZE1iVmRrWlVRdGJIYxAB,ChIJF_bz3fm_bi4RhOolfUNFEUI,Sate Mang Dam Junti,indramayu,Kuliner,4,sate kambingnya mantap. dg lemaknya tambah gurih. sate ayam & sapi biasa aja.,2025-07-23T13:47:16.354Z,Dekisugi,113986047584639558443,True,0,id,2026-05-05T05:18:05.925344
ChdDSUhNMG9nS0VJQ0FnTUNJbnMyZnhBRRAB,ChIJF_bz3fm_bi4RhOolfUNFEUI,Sate Mang Dam Junti,indramayu,Kuliner,5,Satenya mantap Joss Recomend banget pokoke,2025-04-02T06:23:41.261Z,Irfan Pranoto,106909361114466259531,True,0,id,2026-05-05T05:18:05.925363
ChdDSUhNMG9nS0VJQ0FnTUNJOXZ1NnFRRRAB,ChIJF_bz3fm_bi4RhOolfUNFEUI,Sate Mang Dam Junti,indramayu,Kuliner,1,"rasa biasa tp yg berasa mahalnya...
Nasi ambyar.",2025-04-01T21:32:17.201Z,Dihyah,109474013004289403358,False,0,id,2026-05-05T05:18:05.925371
ChdDSUhNMG9nS0VJQ0FnTURnMWJEYi1BRRAB,ChIJF_bz3fm_bi4RhOolfUNFEUI,Sate Mang Dam Junti,indramayu,Kuliner,4,"Satenya enak pol dan gede2, harganya lumayan mahal",2025-02-26T07:37:23.218Z,Tiffanydwinov 757,116779872877705822905,False,0,id,2026-05-05T05:18:05.925378
ChZDSUhNMG9nS0VJQ0FnSUNfOFAtQ01nEAE,ChIJF_bz3fm_bi4RhOolfUNFEUI,Sate Mang Dam Junti,indramayu,Kuliner,3,"Sate lumayan, sop sapi ama tongsengnya mubajirb gak kemakan, rasanya asal²an, suasana banyak lalat ijo hinggap di makanan, harga gak ada di menu, pas bayar lumayan mahal",2025-01-12T06:35:04.092Z,satellite karaoke,105370055716555731273,True,0,id,2026-05-05T05:18:05.925397
ChdDSUhNMG9nS0VJQ0FnSUR2b2RiYmxnRRAB,ChIJF_bz3fm_bi4RhOolfUNFEUI,Sate Mang Dam Junti,indramayu,Kuliner,1,Sate empuk tapi kecapnya sudah basi. Sedikit asam. Harga juga mahal per 10 tusuk Rp. 100.000. Gulainya ampun ga bisa bikin bumbunya. Ga enak blas. Parkir luas. Tempat enak,2024-12-21T05:32:48.138Z,Suhada Asmadi,111323209944210528524,True,0,id,2026-05-05T05:18:05.925405
Ci9DQUlRQUNvZENodHljRjlvT2pGbGRYWndYemRUYlVKdFFsUnBhVEE1V25OSVptYxAB,ChIJo2-wcQDHbi4RXThDR475Q5A,Warung mak titi,indramayu,Kuliner,1,"Di gojek, udah lama banget dateng2 basi kangkung nya asem, padahal panas... heu",2025-09-17T14:46:28.930Z,Anggia Dwi Andila Putri,116106399469328773052,False,0,id,2026-05-05T05:18:05.925425
Ci9DQUlRQUNvZENodHljRjlvT2pCZlVFbFRUWHBhTlU5alZEVk9jbEZyWW5BNVZFRRAB,ChIJo2-wcQDHbi4RXThDR475Q5A,Warung mak titi,indramayu,Kuliner,5,"Untuk kenyamanan sangat nyaman karena tempat luas dan banyak saungnya, rasanya pas sesuai banget untuk harganya ngga terlalu mahal dan masih triangular, dan untuk seafoodnya fresh semua…",2025-09-10T01:01:05.666Z,Mutiara Arianti Agustia,116144979197226106933,True,0,id,2026-05-05T05:18:05.925443
Ci9DQUlRQUNvZENodHljRjlvT25wYVRVUTRhREp5TVd4SlQyWldOV1ZqVm5sUU1VRRAB,ChIJo2-wcQDHbi4RXThDR475Q5A,Warung mak titi,indramayu,Kuliner,5,"Sudah langganan makan di sini klo kumpul keluarga.
Makanannya enak dan pas di kantonh",2025-09-08T08:53:16.670Z,Angga Motovlog79 II,107260500206983562319,True,0,id,2026-05-05T05:18:05.925451
Ci9DQUlRQUNvZENodHljRjlvT2xkM2VWZHJOM1pCYjFaamNtOTNaRE4zZDJSRlJFRRAB,ChIJo2-wcQDHbi4RXThDR475Q5A,Warung mak titi,indramayu,Kuliner,5,Masakan sundanya enak. Saya beli mangga gedong gincu d sana jg enak 👍,2025-09-03T08:10:49.517Z,Irine Triandra Pradevi,106695560234292311415,True,0,id,2026-05-05T05:18:05.925463
Ci9DQUlRQUNvZENodHljRjlvT2tRMk4wRTFTRWxTWjNoWVoyUnJOR3BhZVd0aVkyYxAB,ChIJo2-wcQDHbi4RXThDR475Q5A,Warung mak titi,indramayu,Kuliner,1,"Pelayanan nya lama, orang udah pesen manggil sampai 4 org yg berbeda lama di layani nya.",2025-08-31T07:17:43.586Z,Lidya Aj,115550402404368269796,False,0,id,2026-05-05T05:18:05.925471
Ci9DQUlRQUNvZENodHljRjlvT21kM1lVTXlVekZYY2tSVFVYZG1ibFIyVXkxemVGRRAB,ChIJo2-wcQDHbi4RXThDR475Q5A,Warung mak titi,indramayu,Kuliner,5,"Area parkir luas, area dine-in pun luas. Tersedia area makan lesehan maupun meja dan kursi. Saya order nasi timbel, nasi timbel liwet, nasi goreng dan sate Maranggi. Sate Maranggi-nya juara, dagingnya lembut, bumbu kecapnya fresh, porsi mengenyangkan. Overall 8.5/10. Pelayanan cekatan, harga terjangkau.",2025-08-22T07:27:04.775Z,Lintang Wisesa,108970573630041188363,True,0,id,2026-05-05T05:18:05.925478
Ci9DQUlRQUNvZENodHljRjlvT205cE9FZG1aM2N4TlVwcFJrWmpiWE5sYWpCTk5YYxAB,ChIJo2-wcQDHbi4RXThDR475Q5A,Warung mak titi,indramayu,Kuliner,5,Tempat yg sejuk . Yg punya ramah,2025-08-10T15:14:17.020Z,Suardi Pommini,104881927662398943428,True,0,id,2026-05-05T05:18:05.925486
Ci9DQUlRQUNvZENodHljRjlvT2taUVluYzJVMW95TTA5elVFNXBUeTF3ZFc1bFZWRRAB,ChIJo2-wcQDHbi4RXThDR475Q5A,Warung mak titi,indramayu,Kuliner,5,Salah satu nasi goreng terenak di Indramayu dan suasananya asri disamping sawah,2025-08-10T10:56:56.879Z,El Zefanya Roberth,100276319071790249427,True,0,id,2026-05-05T05:18:05.925493
Ci9DQUlRQUNvZENodHljRjlvT25Nd1NVeGxkblJVWTJWeGNFa3pia3gxVlhsdlZYYxAB,ChIJo2-wcQDHbi4RXThDR475Q5A,Warung mak titi,indramayu,Kuliner,5,"Delicious food, good place",2025-08-08T22:45:20.482Z,Tree,102576940715823249062,True,0,en,2026-05-05T05:18:05.925501
ChdDSUhNMG9nS0VJQ0FnSUM3bWI2bjFnRRAB,ChIJF_bz3fm_bi4RhOolfUNFEUI,Sate Mang Dam Junti,indramayu,Kuliner,5,"Rasanya mantepppp, pelayanan juga ramah",2024-08-17T00:47:44.706Z,Wong Reang,112721344270932527128,False,0,id,2026-05-05T05:18:05.925531
ChZDSUhNMG9nS0VJQ0FnSUNyei1fNkJREAE,ChIJF_bz3fm_bi4RhOolfUNFEUI,Sate Mang Dam Junti,indramayu,Kuliner,3,"Bintang 3 deh its ok aja

Sate potongan cukupan rasa Gurih dan empuk dan rasanya its ok aja

Tongseng B ajaz banyak kuah gak seperti di Jogja Solo..

Gule its ok walapun standart rasanya...harga cukup kompetitif dibanding sate di daerah itu

parkir luas",2024-07-12T08:09:41.436Z,Yb Genz,112533386472671631609,True,0,id,2026-05-05T05:18:05.925538
ChZDSUhNMG9nS0VJQ0FnSUNUbGQzUld3EAE,ChIJF_bz3fm_bi4RhOolfUNFEUI,Sate Mang Dam Junti,indramayu,Kuliner,3,Very plain authentik junti satay,2024-05-17T10:40:12.868Z,phasya,109137025010799584763,True,0,ms,2026-05-05T05:18:05.925552
ChdDSUhNMG9nS0VJQ0FnSUREZzYzZmxBRRAB,ChIJF_bz3fm_bi4RhOolfUNFEUI,Sate Mang Dam Junti,indramayu,Kuliner,5,Sate kambing dan sop nya mantablah...,2024-04-13T12:57:19.019Z,Tomi Hidayat Adipalopo,101759352156108493164,True,0,id,2026-05-05T05:18:05.925583
ChdDSUhNMG9nS0VJQ0FnSUREd3RMN3h3RRAB,ChIJF_bz3fm_bi4RhOolfUNFEUI,Sate Mang Dam Junti,indramayu,Kuliner,5,"Sate'y empuk, bumbu'y enak,tp msih ada sdikit aroma kambing'y.",2024-04-07T06:20:52.051Z,Andri Andi,100405868092410330836,True,0,id,2026-05-05T05:18:05.925597
ChdDSUhNMG9nS0VJQ0FnSUNEejdfaDlRRRAB,ChIJF_bz3fm_bi4RhOolfUNFEUI,Sate Mang Dam Junti,indramayu,Kuliner,5,"Sate'y empuk, enak.
Parkiran lumayan luas, tp sepi",2024-04-03T12:31:52.130Z,aan Ndi,102693567705091474142,False,0,id,2026-05-05T05:18:05.925604
Ci9DQUlRQUNvZENodHljRjlvT21reVpubHhZM0pxY3pGVGVXVXdWRGgwVkdKeWJuYxAB,ChIJh62gqxG5bi4R0E5qQz6pkiM,Warung Nasi Hj. Nuryami,indramayu,Kuliner,5,MAKANAN ENAK POLLL 🥰😍,2026-04-23T02:50:36.853Z,Riast Pajriah,116152210179935350260,False,0,id,2026-05-05T05:18:05.925660
Ci9DQUlRQUNvZENodHljRjlvT2s1TlIwMVJjMUZzVWtFM01HVjFkV051UlVWc2JWRRAB,ChIJh62gqxG5bi4R0E5qQz6pkiM,Warung Nasi Hj. Nuryami,indramayu,Kuliner,5,Enak murah cepat,2026-03-08T08:37:05.161Z,Nano Listrik,116274770831322822100,True,0,id,2026-05-05T05:18:05.925692
Ci9DQUlRQUNvZENodHljRjlvT25oM1pHdEhVVmxtTm05V09FVlNhSEUzWTJoRFVGRRAB,ChIJh62gqxG5bi4R0E5qQz6pkiM,Warung Nasi Hj. Nuryami,indramayu,Kuliner,4,"Cocok buat makan siang brg2. Banyak pilihan lauknya, bikin bingung mau ambil yg apa 😭👍🏼. Nasinya bebas ambil.
Harganya oke lah buat makan siang",2026-02-19T03:12:26.631Z,Selvia Novitasari,100790484526246952198,True,0,id,2026-05-05T05:18:05.925716
Ci9DQUlRQUNvZENodHljRjlvT21aSVNWQnNOR05HY1ZOU1QzWXRPVlUxTmw5bWNWRRAB,ChIJh62gqxG5bi4R0E5qQz6pkiM,Warung Nasi Hj. Nuryami,indramayu,Kuliner,5,Enak n murah. Banyak pilihan menu.,2026-01-10T06:01:25.279Z,Tati Maulana,115903035499287181750,True,0,id,2026-05-05T05:18:05.925735
Ci9DQUlRQUNvZENodHljRjlvT2xoamEyczFWalpHUld0aFlVaFVUbmx5WVZKRVVIYxAB,ChIJh62gqxG5bi4R0E5qQz6pkiM,Warung Nasi Hj. Nuryami,indramayu,Kuliner,4,Tempat makan legend. Nyari makanan indramayu ya sini aja,2025-12-26T14:29:05.288Z,Rahmat NurSidik,103623341254831227533,True,0,id,2026-05-05T05:18:05.925742
ChZDSUhNMG9nS0VJQ0FnSUQ2Z1BQOFZ3EAE,ChIJh62gqxG5bi4R0E5qQz6pkiM,Warung Nasi Hj. Nuryami,indramayu,Kuliner,5,Sambel kurang pedes,2025-12-16T06:32:59.770Z,Ria Nova,103076685511307884459,True,0,id,2026-05-05T05:18:05.925760
ChZDSUhNMG9nS0VJQ0FnSUQxN2E2eWNnEAE,ChIJF_bz3fm_bi4RhOolfUNFEUI,Sate Mang Dam Junti,indramayu,Kuliner,4,mantul satenya gede2,2024-01-09T10:20:41.890Z,Rudi Rediana,111959542346999833871,True,0,id,2026-05-05T05:18:05.925774
ChdDSUhNMG9nS0VJQ0FnSUMxaDlMOGhBRRAB,ChIJF_bz3fm_bi4RhOolfUNFEUI,Sate Mang Dam Junti,indramayu,Kuliner,4,"Lumayan mahal harga satenya. Sate kambing 1 porsi isi 10 90rb, Sate ayam 1 porsi isi 10 40rb. Rasa sesuai sama harga, sate kambing super empuk dan enak, sate ayam jg sama.

Minus nya, tempat nya banyak sekali lalat seperti tidak terawat.",2024-01-04T03:18:48.871Z,Irah Yasirah,118226373858916187211,False,0,id,2026-05-05T05:18:05.925787
ChZDSUhNMG9nS0VJQ0FnSUNWblpleEx3EAE,ChIJF_bz3fm_bi4RhOolfUNFEUI,Sate Mang Dam Junti,indramayu,Kuliner,5,Belum ke Indramayu kalau belum mampir dan makan sate mang Dam,2023-12-08T23:08:43.562Z,Yayan Herdiana,112339310683695854133,True,0,id,2026-05-05T05:18:05.925807
ChdDSUhNMG9nS0VJQ0FnSUNGNWJHazh3RRAB,ChIJF_bz3fm_bi4RhOolfUNFEUI,Sate Mang Dam Junti,indramayu,Kuliner,1,"sop nya cuma bisa makan air nya,,daging dan kikil nya kya karet,,👎",2023-10-30T06:31:08.466Z,Dede Dulgani,117656946524419446989,True,0,id,2026-05-05T05:18:05.925819
ChdDSUhNMG9nS0VJQ0FnSUM1bl9hTDV3RRAB,ChIJF_bz3fm_bi4RhOolfUNFEUI,Sate Mang Dam Junti,indramayu,Kuliner,5,Daging nya mantap,2023-10-18T05:00:25.954Z,fhijzy arbiono,103628093678011041490,True,0,id,2026-05-05T05:18:05.925833
ChdDSUhNMG9nS0VJQ0FnSUNaeE5qcTdBRRAB,ChIJF_bz3fm_bi4RhOolfUNFEUI,Sate Mang Dam Junti,indramayu,Kuliner,3,"Lokasi di juntinyuat Indramayu,  sate kambing dan sate ayam mpuk, gulen dan sop-nya lumayan enak.
haga mahal sesuai, minuman ada es jeruk, es teh Manis,  kelapa muda. Cemila kerupuk kulit, es krim. Tidak ada akses untuk difabel, tidak ada kursi bayi, ruangan setengah terbuka, tidak ada ruangan ber AC, toilet dan mushola ada. Tempat parkir luas berbayar,",2023-10-13T05:37:21.495Z,Gugun 9797,106043919671238110643,True,0,id,2026-05-05T05:18:05.925846
ChdDSUhNMG9nS0VJQ0FnSUM0aUxYWXRnRRAB,ChIJh62gqxG5bi4R0E5qQz6pkiM,Warung Nasi Hj. Nuryami,indramayu,Kuliner,3,Masakan khas indramayu dgn harga terjangkau,2025-11-29T06:38:40.720Z,nindya narayana,118309901947916577275,True,0,id,2026-05-05T05:18:05.925852
Ci9DQUlRQUNvZENodHljRjlvT2xaUlRsVllSR05CTTJFNFVrNUlSbmt5Y2xWWmJVRRAB,ChIJh62gqxG5bi4R0E5qQz6pkiM,Warung Nasi Hj. Nuryami,indramayu,Kuliner,5,Banyak macam pilihan menu makanan khas Pantura,2025-11-13T10:47:53.236Z,DaMN,116605183163542079176,True,0,id,2026-05-05T05:18:05.925871
Ci9DQUlRQUNvZENodHljRjlvT2tGWVNHWjFTVTlaU0dRMFRXdzBXR3RaYkZadVMxRRAB,ChIJh62gqxG5bi4R0E5qQz6pkiM,Warung Nasi Hj. Nuryami,indramayu,Kuliner,5,Mantap sop dagingnya,2025-10-24T13:04:40.599Z,Nana Hidarpa,100988268476133415513,True,0,id,2026-05-05T05:18:05.925879
Ci9DQUlRQUNvZENodHljRjlvT21aQ2FVSktiV3cwVGxjNFEzcFNiVmRQTWpSdlRuYxAB,ChIJh62gqxG5bi4R0E5qQz6pkiM,Warung Nasi Hj. Nuryami,indramayu,Kuliner,5,Harga bersahabat. Lalab sambelnya enak,2025-10-07T09:22:12.873Z,fahmi kurniawan,111448792047418027289,True,0,id,2026-05-05T05:18:05.925885
Ci9DQUlRQUNvZENodHljRjlvT2tWTFdUZFZka2hJTm05TE5uRnVPR0ZrV0dOelkwRRAB,ChIJh62gqxG5bi4R0E5qQz6pkiM,Warung Nasi Hj. Nuryami,indramayu,Kuliner,5,Enak deh masakannya,2025-08-14T06:29:07.456Z,Mang Ajam,117893189752673689303,True,0,id,2026-05-05T05:18:05.925922
Ci9DQUlRQUNvZENodHljRjlvT2xkSGJsQjRTVlJ6ZFhKeFVqVmtXVkpKVFdFNVgyYxAB,ChIJh62gqxG5bi4R0E5qQz6pkiM,Warung Nasi Hj. Nuryami,indramayu,Kuliner,4,"Tempatnya luas bersih dan nyaman ada lesehan juga, makanan juga fresh dan tersedia banyak jenisnya",2025-08-12T02:12:26.830Z,Toni Antoni,101724587220610386257,True,0,id,2026-05-05T05:18:05.925929
Ci9DQUlRQUNvZENodHljRjlvT205cmIzQnRUMGxEVEZkbFlWaHFkMFpPUW5vNVNWRRAB,ChIJh62gqxG5bi4R0E5qQz6pkiM,Warung Nasi Hj. Nuryami,indramayu,Kuliner,5,Sop iga nya gak ada duanya..nikmat sekali,2025-08-01T19:42:08.447Z,Andri Setiawan,104806434944989098804,True,0,id,2026-05-05T05:18:05.925937
Ci9DQUlRQUNvZENodHljRjlvT2xoemJuQTJlRTF6WlhOMVRVNVBZalZsVkZsNGVWRRAB,ChIJh62gqxG5bi4R0E5qQz6pkiM,Warung Nasi Hj. Nuryami,indramayu,Kuliner,5,Makanannya enak harga terjangkau..,2025-07-28T08:51:58.449Z,Achmad Sutiyono,103262988132093562331,True,0,id,2026-05-05T05:18:05.925944
ChZDSUhNMG9nS0VJQ0FnSUNvbzlMQ0lBEAE,ChIJh62gqxG5bi4R0E5qQz6pkiM,Warung Nasi Hj. Nuryami,indramayu,Kuliner,5,Murah dan enak pasakanya dan gomyang nya,2025-07-14T04:39:38.590Z,Siti Salimah,115725296415221964780,True,1,id,2026-05-05T05:18:05.925964
ChZDSUhNMG9nS0VMdjYzcUgtcVpMRVd3EAE,ChIJh62gqxG5bi4R0E5qQz6pkiM,Warung Nasi Hj. Nuryami,indramayu,Kuliner,5,Kalau ke Indramayu tidak lengkap rasanya kalau tidak makan disini,2025-06-08T04:58:48.304Z,Doddy Hidayat,112306406423786663577,True,0,id,2026-05-05T05:18:05.925972
ChZDSUhNMG9nS0VQbWtsUE9seV95cllnEAE,ChIJh62gqxG5bi4R0E5qQz6pkiM,Warung Nasi Hj. Nuryami,indramayu,Kuliner,5,Tempat nyaman untuk makan bersama-sama dengan rombongan atau keluarga,2025-05-26T12:29:30.117Z,Imam Subhi,116607914307656535582,True,0,id,2026-05-05T05:18:05.925979
ChdDSUhNMG9nS0VPM0RyNEw2enJIYnFBRRAB,ChIJh62gqxG5bi4R0E5qQz6pkiM,Warung Nasi Hj. Nuryami,indramayu,Kuliner,3,"Manajemen ngantrinya kurang tertata, bilamana ada orang yang tanpa bayar setelah makan pasti bisa di lakukan. Kemungkinan karena banyaknya orang dan tempatnya terbatas akhirnya tidak terkontrol dalam pelayanannya",2025-05-15T22:15:42.985Z,Ensiklopedia Santri,116010438704544986440,True,0,id,2026-05-05T05:18:05.926005
ChZDSUhNMG9nS0VLLXZ3ZkNnX0xUOURBEAE,ChIJh62gqxG5bi4R0E5qQz6pkiM,Warung Nasi Hj. Nuryami,indramayu,Kuliner,5,Enak Sop Iganya dan Ayam Goreng nya,2025-05-11T04:18:43.142Z,Yusuf Sulaiman,105390500731098089248,True,0,id,2026-05-05T05:18:05.926012
ChdDSUhNMG9nS0VJQ0FnTURJeFBiT29nRRAB,ChIJh62gqxG5bi4R0E5qQz6pkiM,Warung Nasi Hj. Nuryami,indramayu,Kuliner,5,Josss....rekom bangettt...,2025-04-07T05:55:21.353Z,Wank Zaat,103698520198450108609,True,0,id,2026-05-05T05:18:05.926043
ChZDSUhNMG9nS0VJQ0FnTURROHUySkVREAE,ChIJh62gqxG5bi4R0E5qQz6pkiM,Warung Nasi Hj. Nuryami,indramayu,Kuliner,3,Mengharapkan hidangan khas indramayu trnyata tidak,2025-03-10T08:57:32.420Z,Muhamad Azhari,114551737429455822620,True,0,id,2026-05-05T05:18:05.926050
Ci9DQUlRQUNvZENodHljRjlvT21OVVJHbGlVRjlLY2s5TVoyd3RXSGxYUm0xdVUyYxAB,ChIJ4eGrqlK5bi4RLRr-e87AAtw,BAKSO GRANAT BANG UMAR,indramayu,Kuliner,5,"Mie ayam langganan sejak pindah ke Indramayu, sempat berpindah tempat walau akhirnya tetep ketemu juga. Rasanya, tetap juara enaknya. Harga terjangkau.",2026-03-29T14:51:23.489Z,Vanny Dina,108202647019364002892,True,0,id,2026-05-05T05:18:05.926062
ChZDSUhNMG9nS0VJQ0FnSUMwaHNQek1nEAE,ChIJ4eGrqlK5bi4RLRr-e87AAtw,BAKSO GRANAT BANG UMAR,indramayu,Kuliner,5,Bakso ini pindah kemana ya?,2026-03-13T13:56:48.129Z,Devi Faw,105084623691969450845,True,0,id,2026-05-05T05:18:05.926072
Ci9DQUlRQUNvZENodHljRjlvT21JMFNGRnFSRGgyVmpOVU5rUlRRVzgxTmsxcmNuYxAB,ChIJ4eGrqlK5bi4RLRr-e87AAtw,BAKSO GRANAT BANG UMAR,indramayu,Kuliner,4,Batagor kuah nya enak,2025-10-06T08:20:49.697Z,Iis Mayleni,118229570805137644433,True,0,id,2026-05-05T05:18:05.926084
Ci9DQUlRQUNvZENodHljRjlvT2taaWFUVk1URkIwVDBWQ1F6UmlRa1ExVEZCdmVYYxAB,ChIJ4eGrqlK5bi4RLRr-e87AAtw,BAKSO GRANAT BANG UMAR,indramayu,Kuliner,5,"Banyak menu dan variannya, enak enak semua, pelayanan oke, penjualnya ramah baikk, semoga berkah selalu yaa!!",2025-07-17T11:39:33.195Z,Qiara,114188773134076736116,False,0,id,2026-05-05T05:18:05.926097
ChdDSUhNMG9nS0VJQ0FnSUNual9YVXhRRRAB,ChIJ4eGrqlK5bi4RLRr-e87AAtw,BAKSO GRANAT BANG UMAR,indramayu,Kuliner,5,"Langganan makan disini, paling fav si bakso dan batagor siomay nya, tp mie ayamnya jg enak porsinya bikin kenyang👍👍👍",2024-10-01T07:40:08.772Z,Luqyana Riyadi,105011835283038000839,False,0,id,2026-05-05T05:18:05.926122
ChdDSUhNMG9nS0VJQ0FnSUN5LUpmR3lBRRAB,ChIJ4eGrqlK5bi4RLRr-e87AAtw,BAKSO GRANAT BANG UMAR,indramayu,Kuliner,5,"Baso yg paling enak, basonya menggunakan daging sapi lokal
Mie ayamnya juga enak siomaynya lezaaaaat
Makanan halalan thayiban
Rekomended deh buat yg suka kuliner 👍👍👍",2024-08-07T15:39:01.812Z,Juli Glory,105169093720859389031,False,1,id,2026-05-05T05:18:05.926130
ChdDSUhNMG9nS0VJQ0FnSURyaUtiVTV3RRAB,ChIJ4eGrqlK5bi4RLRr-e87AAtw,BAKSO GRANAT BANG UMAR,indramayu,Kuliner,4,"Bakso Granat Bang Unar.
Sederhana, bersih, rasanya mantul. Tidak mengecewakan",2024-07-13T12:18:46.089Z,Singgih Sasmito,100592007205178951221,True,0,id,2026-05-05T05:18:05.926138
ChdDSUhNMG9nS0VJQ0FnSURSLWIteXpRRRAB,ChIJ4eGrqlK5bi4RLRr-e87AAtw,BAKSO GRANAT BANG UMAR,indramayu,Kuliner,5,"Pilihan kuliner Bakso, Mie Ayam, siomay dan Batagor yang mantap, masakanya bersih, enak dan tentunya harga bersahabat.

Coba deh..",2024-05-15T10:34:27.887Z,Robani Alzawani,101464505712102105993,True,4,id,2026-05-05T05:18:05.926157
ChZDSUhNMG9nS0VJQ0FnSURqMFBfMkZREAE,ChIJ4eGrqlK5bi4RLRr-e87AAtw,BAKSO GRANAT BANG UMAR,indramayu,Kuliner,5,"Makanannya enak, dan harganya cukup terjangkau serta cepat dalam pelayanannya",2024-04-28T10:20:37.181Z,Pemuda Pemuda,103991749082363224590,True,0,id,2026-05-05T05:18:05.926163
ChdDSUhNMG9nS0VJQ0FnSUN1NktmYTJnRRAB,ChIJ4eGrqlK5bi4RLRr-e87AAtw,BAKSO GRANAT BANG UMAR,indramayu,Kuliner,3,Basaonya rada keras gajinya juga ga empuk cuman urat nya banyak rasanya lumayan tempatnya kurang nyaman ga ada lesehanya,2022-07-20T07:02:18.855Z,fyka fadly,111038488431200869203,False,0,id,2026-05-05T05:18:05.926269
ChdDSUhNMG9nS0VJQ0FnSUNPd2QyQzJBRRAB,ChIJ4eGrqlK5bi4RLRr-e87AAtw,BAKSO GRANAT BANG UMAR,indramayu,Kuliner,5,"Mie Ayam, Mie Bakso dan Siomay yg maknyuuusss.",2022-06-11T21:56:17.015Z,Asep Mohan,109432225406524577873,True,0,id,2026-05-05T05:18:05.926308
ChZDSUhNMG9nS0VJQ0FnSUQyNTdtTEZREAE,ChIJ4eGrqlK5bi4RLRr-e87AAtw,BAKSO GRANAT BANG UMAR,indramayu,Kuliner,5,"Mantap, maknyus",2022-05-27T10:06:30.810Z,Anies Niezwa,113752595841150249798,False,0,id,2026-05-05T05:18:05.926323
ChdDSUhNMG9nS0VJQ0FnSUQyLU11dnV3RRAB,ChIJ4eGrqlK5bi4RLRr-e87AAtw,BAKSO GRANAT BANG UMAR,indramayu,Kuliner,5,"Basonya enak, daging sapinya terasa banget ya",2022-05-06T08:45:40.712Z,Irvan AF,103963332890563751134,False,0,id,2026-05-05T05:18:05.926344
ChZDSUhNMG9nS0VJQ0FnSUQyc1BTRGVnEAE,ChIJ4eGrqlK5bi4RLRr-e87AAtw,BAKSO GRANAT BANG UMAR,indramayu,Kuliner,4,Enak ramah dan cepat,2022-05-04T07:24:25.399Z,Moe AnnazZ,102833345627798390011,True,0,id,2026-05-05T05:18:05.926352
ChdDSUhNMG9nS0VJQ0FnSURXMjg3YTR3RRAB,ChIJ4eGrqlK5bi4RLRr-e87AAtw,BAKSO GRANAT BANG UMAR,indramayu,Kuliner,5,Rasa bakso super hot enak banget...pedas dan terasa dagingnya...,2022-04-05T04:54:04.125Z,Leo nita,108589406452470688046,True,0,id,2026-05-05T05:18:05.926359
ChdDSUhNMG9nS0VJQ0FnSURXc3BEUzh3RRAB,ChIJ4eGrqlK5bi4RLRr-e87AAtw,BAKSO GRANAT BANG UMAR,indramayu,Kuliner,4,"Bakso dan mie ayamnya mantap. Mungkin saran untuk mie yamien nya, bisa ada perbedaan rasa dg mie ayamnya",2022-03-20T02:03:19.928Z,Luthfi Muhammad,118082505343681524037,False,0,id,2026-05-05T05:18:05.926366
ChZDSUhNMG9nS0VJQ0FnSUNXdjdhdkpnEAE,ChIJ4eGrqlK5bi4RLRr-e87AAtw,BAKSO GRANAT BANG UMAR,indramayu,Kuliner,3,Baksonya cukup maknyus,2022-03-11T06:39:41.481Z,nindya narayana,118309901947916577275,True,0,id,2026-05-05T05:18:05.926373
ChdDSUhNMG9nS0VJQ0FnSUNxdTVucHBRRRAB,ChIJ4eGrqlK5bi4RLRr-e87AAtw,BAKSO GRANAT BANG UMAR,indramayu,Kuliner,1,"Dulu pernah kesini dan “Super 👍🏼”.
Tadi kesini lagi, rasanya beda dengan dulu.
Ditambah ada pengamen dibiarkan saja.
Padahal sudah pasang peringatan “Ngamen Gratis”.",2022-01-25T07:28:57.740Z,Febri Rudiansyah,108888527730275459237,True,0,id,2026-05-05T05:18:05.926386
ChZDSUhNMG9nS0VJQ0FnSUNtbWJTb0NBEAE,ChIJ4eGrqlK5bi4RLRr-e87AAtw,BAKSO GRANAT BANG UMAR,indramayu,Kuliner,4,"Kalo abis pulang kerja suka kemari walau sebulan bisa 2 kali sama temen kerja.. untuk bakso & mie ayam nya enak, batagor juga enak.. saran tempatnya mungkin bisa dilayout ulang biar lebih nyaman aja.",2022-01-02T16:33:06.872Z,ersa anjala,102263611406590618456,True,1,id,2026-05-05T05:18:05.926404
Ci9DQUlRQUNvZENodHljRjlvT25WSExWVnVTbGMzV1hkaVlscFdWbXBqTUV0eGEwRRAB,ChIJKfTZe3-1bi4RCDz4wh4mYSs,"Serabi Gupak ""Mbok Yu""",indramayu,Kuliner,5,Selalu antri d snih 🤦🏻‍♀️,2026-02-15T04:44:41.387Z,Yayah Robiyatul Adawiah Jafra,109545976471967933927,True,0,id,2026-05-05T05:18:05.926438
ChZDSUhNMG9nS0VLbmFyY0NWcEpfbVZ3EAE,ChIJKfTZe3-1bi4RCDz4wh4mYSs,"Serabi Gupak ""Mbok Yu""",indramayu,Kuliner,5,"Serabi nya enak, cuma sayang nggak sedia tempat yang enak buat nunggu nya",2025-05-13T06:49:17.147Z,Heri Setiawan,103562233592736994749,True,0,id,2026-05-05T05:18:05.926476
ChdDSUhNMG9nS0VJQ0FnTUNJNlpHZXJnRRAB,ChIJKfTZe3-1bi4RCDz4wh4mYSs,"Serabi Gupak ""Mbok Yu""",indramayu,Kuliner,5,Biar bintang berbicara,2025-04-03T06:27:41.438Z,Warto,108216388561330153639,False,0,id,2026-05-05T05:18:05.926483
ChZDSUhNMG9nS0VJQ0FnTUNJbnJTVEp3EAE,ChIJKfTZe3-1bi4RCDz4wh4mYSs,"Serabi Gupak ""Mbok Yu""",indramayu,Kuliner,5,Enak dan murah meriah,2025-04-02T05:25:54.661Z,Fandy Fachrizal,117821553109040573524,True,0,id,2026-05-05T05:18:05.926490
ChZDSUhNMG9nS0VJQ0FnSUQxc2NqQVZBEAE,ChIJKfTZe3-1bi4RCDz4wh4mYSs,"Serabi Gupak ""Mbok Yu""",indramayu,Kuliner,5,Legendary serabi in indramayu,2024-01-07T23:05:52.093Z,bachtiar unasih,114143548594954263934,True,0,id,2026-05-05T05:18:05.926588
ChZDSUhNMG9nS0VJQ0FnSUQxdnFYWmN3EAE,ChIJKfTZe3-1bi4RCDz4wh4mYSs,"Serabi Gupak ""Mbok Yu""",indramayu,Kuliner,4,"uenak srabi gupaknya
harga murah terjangkau",2024-01-07T12:07:27.415Z,Ibn Asnawi,113631554612657726004,True,0,id,2026-05-05T05:18:05.926595
ChdDSUhNMG9nS0VJQ0FnSUNWODctcDN3RRAB,ChIJKfTZe3-1bi4RCDz4wh4mYSs,"Serabi Gupak ""Mbok Yu""",indramayu,Kuliner,5,Tempatnya cukup nyaman dan makanannya enak dan harganya cukup lumayan,2023-12-09T09:06:02.746Z,Gallih Yullyan Adella,109589056211960295069,True,0,id,2026-05-05T05:18:05.926603
ChdDSUhNMG9nS0VJQ0FnSURGc1pfX3JnRRAB,ChIJKfTZe3-1bi4RCDz4wh4mYSs,"Serabi Gupak ""Mbok Yu""",indramayu,Kuliner,5,"Pengen makanan yg manis tp ga enek ya surabi gupak jawabannya. Rasanya ga pernah berubah selalu enakkkkkk pwoll.. kalo pas barengan ada pesenan pasti harus nunggu, agak lama dg cuaca panas dan tempat di pinggir jalan yg banyak kendaraan.. tapi terbayarkan dg rasa surabi gupak yg enak bgt
Santannya fresh, gula merahnya maniss legit, surabi yg enak ga atos
Pokoknya ga pernah bos3n sama surabi gupak mbok yu",2023-11-08T04:24:25.540Z,Siti Khusnul khatimah,108601172457308741779,True,1,id,2026-05-05T05:18:05.926618
ChdDSUhNMG9nS0VJQ0FnSUN4Mk5mRXFRRRAB,ChIJKfTZe3-1bi4RCDz4wh4mYSs,"Serabi Gupak ""Mbok Yu""",indramayu,Kuliner,3,"rasanya enak tetapi pelayanan kurang ramah, sering tutup",2023-05-10T05:37:05.298Z,lenny rahayu,110536980917267427671,False,0,id,2026-05-05T05:18:05.926644
ChZDSUhNMG9nS0VJQ0FnSUNCOS03WWRBEAE,ChIJKfTZe3-1bi4RCDz4wh4mYSs,"Serabi Gupak ""Mbok Yu""",indramayu,Kuliner,4,"Rasa mantap, harga oke 👍",2023-01-07T05:34:38.729Z,Ram's Co,101974430726393167682,True,0,id,2026-05-05T05:18:05.926664
ChZDSUhNMG9nS0VJQ0FnSURPcklpb1FBEAE,ChIJKfTZe3-1bi4RCDz4wh4mYSs,"Serabi Gupak ""Mbok Yu""",indramayu,Kuliner,5,Serabinya enakkkk recomendeed,2022-06-29T13:23:08.407Z,Nita Sandari Oktavi Prawesti,107253983536804828636,True,0,id,2026-05-05T05:18:05.926716
ChZDSUhNMG9nS0VJQ0FnSUNPNUpQdktREAE,ChIJKfTZe3-1bi4RCDz4wh4mYSs,"Serabi Gupak ""Mbok Yu""",indramayu,Kuliner,5,Teksturnya lembut dan banyak pembelinya,2022-06-02T09:50:08.900Z,Cipto Utomo,106791443575748625307,True,0,id,2026-05-05T05:18:05.926729
ChZDSUhNMG9nS0VJQ0FnSUNPaUpfYVlnEAE,ChIJKfTZe3-1bi4RCDz4wh4mYSs,"Serabi Gupak ""Mbok Yu""",indramayu,Kuliner,5,Serabi paling enak dg harga murah 5K yg pernah sy temukan jg suatu kebanggan bagi masyarakat kandanghaur dg adanya kuliner serabi gupak ini,2022-05-31T04:22:52.588Z,Nur Aisyah179,102453291863011818643,True,0,id,2026-05-05T05:18:05.926737
Ci9DQUlRQUNvZENodHljRjlvT2tOWWJuUktiSGd4YmxWR1RqWnRaVTlGTVc5dVZIYxAB,ChIJAzbtjrK-bi4R8BS5IpxlxNY,RM Rumah Mertua,indramayu,Kuliner,1,Rumah makan teraneh dan terlama sajiannya yg pernah saya kunjungi,2026-04-21T14:40:28.101Z,Yk Bayu,102351649799257330717,True,0,id,2026-05-05T05:18:05.926783
Ci9DQUlRQUNvZENodHljRjlvT2toNmF6TmhkMHBuWm1JNVIxTmFOa3B2V1hKcldrRRAB,ChIJAzbtjrK-bi4R8BS5IpxlxNY,RM Rumah Mertua,indramayu,Kuliner,1,Jangan makan disini rasanya sampah,2026-04-20T03:05:50.908Z,Edi,110578623733667871154,True,0,id,2026-05-05T05:18:05.926797
Ci9DQUlRQUNvZENodHljRjlvT2pKZlFXbEJValpoYlZCVFlWUjJiazVUUTBsZk5XYxAB,ChIJAzbtjrK-bi4R8BS5IpxlxNY,RM Rumah Mertua,indramayu,Kuliner,4,"Makanannya enak, tapi hidangan bumbunya rata2 pedas. Udang bakarnya enak. Harganya mahal",2026-03-17T17:06:45.974Z,WAzura Kitchen,101930342169190970815,True,0,id,2026-05-05T05:18:05.926834
Ci9DQUlRQUNvZENodHljRjlvT25SNGRGZHBaRlU0UVZacVN6SXpORE5pVmtGa05tYxAB,ChIJAzbtjrK-bi4R8BS5IpxlxNY,RM Rumah Mertua,indramayu,Kuliner,5,UNTUK YANG MAU PESEN SILAHKAN DATANG KE RESTO 🙏KARNA PIHAK RUMAH MERTUA TIDAK PERNAH MEMBERIKAN NOMER TELPON DI KOLOM KOMENTAR 🙏🙏,2026-03-01T12:41:16.639Z,Aris Soak,100480808172094996998,False,0,id,2026-05-05T05:18:05.926842
Ci9DQUlRQUNvZENodHljRjlvT21sQlRXNXpaR3RTWW1oQ2QyRXpSVzFHTUdVNGRGRRAB,ChIJAzbtjrK-bi4R8BS5IpxlxNY,RM Rumah Mertua,indramayu,Kuliner,2,"Pindang iga nya enak rasanya, cuma sayang aja porsinya ga jelas... Isinya cm 2 pcs dan tulangnya yg besar, potongan daging iganya ga seperti potongan daging iga umumnya. Sangat ga sebanding sm harganya... Plus banyak nyamuknya",2026-02-05T14:16:39.841Z,Aryo Pradana,102593730117761475741,True,0,id,2026-05-05T05:18:05.926857
ChdDSUhNMG9nS0VJQ0FnSUQycnVhdTZRRRAB,ChIJAzbtjrK-bi4R8BS5IpxlxNY,RM Rumah Mertua,indramayu,Kuliner,5,"Menu banyak pilihan, selalu ready dan rasanya enaaakkkk… tempatnya paling harus dikunjungi saat di indramayu",2026-01-28T01:01:03.069Z,Elle Kenost,117631278595741367846,True,1,id,2026-05-05T05:18:05.926865
Ci9DQUlRQUNvZENodHljRjlvT21SSlNFbzJRVTVWZVZKalVFVlVWREpKWXpCRE5rRRAB,ChIJAzbtjrK-bi4R8BS5IpxlxNY,RM Rumah Mertua,indramayu,Kuliner,4,Lumayan .. Seperti kafe pada umumnya,2026-01-16T14:23:10.366Z,bagus hilman,111561904888249502444,True,0,id,2026-05-05T05:18:05.926879
Ci9DQUlRQUNvZENodHljRjlvT21oUlMzVXdjRzVaZHpSMlZtNUxkazkzT1ZrMFIzYxAB,ChIJAzbtjrK-bi4R8BS5IpxlxNY,RM Rumah Mertua,indramayu,Kuliner,5,"Masakannya Enak, rasa masuk ke lidah saya, masaknya mendadak jadi Fresh",2026-01-08T08:11:45.620Z,AaRoy hartono,104135714986657984645,True,0,id,2026-05-05T05:18:05.926906
Ci9DQUlRQUNvZENodHljRjlvT21GQlFqa3diVEE1WTBaU2EzSXlXalZQYUdRMmQwRRAB,ChIJAzbtjrK-bi4R8BS5IpxlxNY,RM Rumah Mertua,indramayu,Kuliner,5,Trimakasih... 🥰,2025-12-12T12:18:59.300Z,Nandi Rusmana,107571035932779087903,False,0,id,2026-05-05T05:18:05.926940
Ci9DQUlRQUNvZENodHljRjlvT2xOMFFtNVZXbEpFUlc4MmNraFhVWEJzVmtwVFYwRRAB,ChIJAzbtjrK-bi4R8BS5IpxlxNY,RM Rumah Mertua,indramayu,Kuliner,5,"Tempatnya bagus buat foto2,pelayanan nya bagus,cepat dan suasana menyenangkan",2025-11-18T15:30:09.454Z,Waroeng Ate minie 17,117156363764283614655,True,0,id,2026-05-05T05:18:05.927017
Ci9DQUlRQUNvZENodHljRjlvT25aMVJtZzJielZEYlVkRk1FTkdjVWQyUjJ0M1pIYxAB,ChIJAzbtjrK-bi4R8BS5IpxlxNY,RM Rumah Mertua,indramayu,Kuliner,5,"Tempat yg seger indah makanan enak pelayanan sopan tapi nunggu nya agak lama pdhl sepi Pengunjung waktu itu cm sy dan paksu aj bnyk spot buat foto"" lokasi tidak jauh dengan Mall Indramayu  wc nya agk serem 🙄Tempat parkir  luas dan berbayar",2025-11-11T02:52:19.913Z,Aan Hanifah,107374820489482305102,True,0,id,2026-05-05T05:18:05.927025
Ci9DQUlRQUNvZENodHljRjlvT204ME9GVTJTVTVZVVZJMWNqWnNhRmhhTW1oNWFrRRAB,ChIJAzbtjrK-bi4R8BS5IpxlxNY,RM Rumah Mertua,indramayu,Kuliner,5,"We came here on a Saturday night around 6 PM. We were the only customers there, a group of 11, including 4 small children. The location is easy to find, in a residential area, with a spacious area where you can choose where you want to sit, including a seating area. They have a wide variety of food and drink menus. There's a prayer room that can accommodate up to 5 adults. I think the food is good, but nothing extraordinary; it's standard home-cooked food. Recommended for those of you who want to bring a large family. The price is relatively reasonable. The only downside, in my opinion, is that this place is full of mosquitoes, as it's right next to the swamp behind it.",2025-11-09T02:57:22.117Z,Harmadina Ghany,102726173784606446632,True,0,en,2026-05-05T05:18:05.927033
Ci9DQUlRQUNvZENodHljRjlvT2xSU1dIaG5XbWM0YVV4R2RqWjBhamRyYW5WeE9YYxAB,ChIJAzbtjrK-bi4R8BS5IpxlxNY,RM Rumah Mertua,indramayu,Kuliner,4,"Suaasana bagus, hanya pelayanan yg agak lama",2025-10-28T23:45:31.737Z,Arul Aje,118410719880557231005,True,0,id,2026-05-05T05:18:05.927047
Ci9DQUlRQUNvZENodHljRjlvT20xbFozUTNTMDlaTTBWTk5HOXJZbTFyYVRGMVJsRRAB,ChIJAzbtjrK-bi4R8BS5IpxlxNY,RM Rumah Mertua,indramayu,Kuliner,5,Lumayan tapi mertuanya ngak ada ah,2025-10-25T02:54:59.633Z,Mochamad Rony,116551865834644723424,True,0,id,2026-05-05T05:18:05.927054
ChdDSUhNMG9nS0VJQ0FnSUM0aU8ybHB3RRAB,ChIJAzbtjrK-bi4R8BS5IpxlxNY,RM Rumah Mertua,indramayu,Kuliner,5,"Tempatnya nyaman,enak buat nyantai dan masakan'nya enak..",2025-10-14T15:22:36.498Z,Yuki Rabacc,101527351889050105622,True,0,id,2026-05-05T05:18:05.927061
Ci9DQUlRQUNvZENodHljRjlvT2xZemRGUjRjVGhPVEV0WVEzSTJZa3RGWTI1NmMxRRAB,ChIJAzbtjrK-bi4R8BS5IpxlxNY,RM Rumah Mertua,indramayu,Kuliner,4,"Tempat makan yang cocok buat bareng keluarga. Makanannya cukup enak, banyak variannya. Ke sini pas malem minggu ada hiburan solo organ.",2025-10-04T15:57:17.526Z,Novia Ardishanti,112486457059879946928,True,0,id,2026-05-05T05:18:05.927068
Ci9DQUlRQUNvZENodHljRjlvT25OMmEyUndNVXgyT0VSRk9XdEpaelJJWjBKT1JIYxAB,ChIJAzbtjrK-bi4R8BS5IpxlxNY,RM Rumah Mertua,indramayu,Kuliner,5,"Vibesnya kayak Bali. Menu beragam, bagi saya nasi liwet adalah menu yang paling worthed dari sisi harga vs porsi vs rasa. Lokasi mudah dijangkau dengan area parkir yang luas.",2025-10-03T14:01:03.130Z,Didit Prasetyo,107628042970359312822,True,0,id,2026-05-05T05:18:05.927075
Ci9DQUlRQUNvZENodHljRjlvT2tsbk5qUjFWMmRyYVdaU01sSm9lamhZYmtORlMzYxAB,ChIJAzbtjrK-bi4R8BS5IpxlxNY,RM Rumah Mertua,indramayu,Kuliner,5,"Tempat dan masakannya enak, Unik, walau cuaca panas masuk sini langsung adem hawanya, salam dari bekasi",2025-09-14T06:16:14.558Z,Rizki Arisandi,100608910829536250646,False,0,id,2026-05-05T05:18:05.927124
Ci9DQUlRQUNvZENodHljRjlvT2taNWVWSjVVemhJWVV4ZmMxUktNRmRvTldKRFRuYxAB,ChIJAzbtjrK-bi4R8BS5IpxlxNY,RM Rumah Mertua,indramayu,Kuliner,3,"Kesini buat makan malem. Makanannya cukup oke, cuma tempatnya banyak nyamuk. Dan mohon maaf, kelihatannya sedikit kurang terawat.",2025-09-07T12:18:20.853Z,amiek kithink,110809820151746228335,True,0,id,2026-05-05T05:18:05.927131
