place_id,place_name,wilayah,kategori,category_name_google,categories_google,latitude,longitude,total_reviews_google,avg_rating_google,total_reviews_scraped,scraped_at
ChIJ3zdm1HEXby4RwJsGA9nBG50,Sagof Coffee Eatery,Kuningan,Nongkrong,Restoran,"['Restoran', 'Kafe']",-6.953749,108.4281296,832,4.1,29,2026-05-04T16:56:24.747322
ChIJC6C1ws4Xby4Rt5L6a2Z44KQ,La-parK Coffee and Resto,Kuningan,Nongkrong,Restoran,['Restoran'],-6.954024,108.4280498,136,3.2,42,2026-05-04T16:56:24.747606
ChIJSfI9Y_AZby4R9D18-CDHQkI,DH Garden (Cafe&Resto),Kuningan,Nongkrong,Taman,['Taman'],-6.8714546,108.4652016,263,4.5,24,2026-05-04T16:56:24.748275
ChIJRXIC-jEZby4Rvh4tSV-rWdQ,Kangen Oemah Kayoe,Kuningan,Nongkrong,Hotel Resor,"['Hotel Resor', 'Restoran']",-6.8450625,108.4640625,163,4.8,46,2026-05-04T16:56:24.748433
ChIJa9u9R1EVby4RJz_NDGxOf9k,Kopi PONO Kuningan,Kuningan,Nongkrong,Kafe,"['Kafe', 'Kedai Kopi']",-6.9872811,108.4923258,319,4.6,22,2026-05-04T16:56:24.749090
ChIJf5TqegAXby4R3IxgdfrYgZI,buper lamping kidang,Kuningan,Nongkrong,Bumi perkemahan,['Bumi perkemahan'],-6.9392604,108.4384412,14,4.6,9,2026-05-04T16:56:24.749467
ChIJRZXgvbYXby4R3WKdgr-1aAc,Domo Coffee and Space,Kuningan,Nongkrong,Kedai Kopi,['Kedai Kopi'],-6.9697166,108.4969842,1195,4.5,23,2026-05-04T16:56:24.749586
ChIJMcXk2dAXby4RkNHsP4sHb64,Otaku Coffee & Roastery Kramatmulya,Kuningan,Nongkrong,Kedai Kopi,['Kedai Kopi'],-6.9355396,108.4874371,310,4.7,24,2026-05-04T16:56:24.749898
ChIJt6Y7HUEVby4R2z30mbVtWhE,OTAKU Coffee & Roastery Awirarangan,Kuningan,Nongkrong,Kedai Kopi,['Kedai Kopi'],-6.9828508,108.4928129,243,4.7,22,2026-05-04T16:56:24.750053
ChIJV5Z-nDgXby4RdP3S64tfVUA,Arunika Eatery,Kuningan,Nongkrong,Kafe Cosplay,['Kafe Cosplay'],-6.9432611,108.4449016,8454,4.7,28,2026-05-04T16:56:24.750311
ChIJU5R2_qMWby4RTHEV4wjhhCw,Otaku Coffee & Roastery Ciporang,Kuningan,Nongkrong,Kedai Kopi,['Kedai Kopi'],-6.9701237,108.5044798,768,4.7,19,2026-05-04T16:56:24.751260
ChIJ8fWtdD0Xby4R-vtpM4L96j0,Rageman Resto & Coffee,Kuningan,Nongkrong,Restoran,['Restoran'],-6.9516311,108.4592583,625,4.2,27,2026-05-04T16:56:24.751669
ChIJGU4QofgXby4RuL1oWDzZsVI,Imah Amih Resto and Cafe,Kuningan,Nongkrong,Restoran,['Restoran'],-6.9312918,108.4761628,1096,4.6,40,2026-05-04T16:56:24.752020
ChIJn3kBtfwXby4RaGljl41h7I0,Kedai Tresha,Kuningan,Nongkrong,Restoran,['Restoran'],-6.9294764,108.5032467,789,4.4,32,2026-05-04T16:56:24.752284
ChIJVQrrCgAXby4RJ6hmMjUCfLI,Padino Cafe n Resto,Kuningan,Nongkrong,Kedai Kopi,['Kedai Kopi'],-6.9412546,108.4868674,395,4.2,30,2026-05-04T16:56:24.752907
ChIJAbBCpLUZby4R-SD8lh1eAlw,TitikTeh,Kuningan,Nongkrong,Kedai Teh,['Kedai Teh'],-6.8911954,108.4940185,1026,4.5,34,2026-05-04T16:56:24.753468
ChIJO1q3LzEWby4RpQo3x1g-ig0,Santana Resto,Kuningan,Nongkrong,Restoran,['Restoran'],-6.94361,108.4449075,1253,4.0,37,2026-05-04T16:56:24.753893
ChIJJSzBOzsZby4RZwADbj1Tf6Y,Anggun Coffee dan Resto,Kuningan,Nongkrong,Kafe,['Kafe'],-6.880174,108.495353,326,4.4,22,2026-05-04T16:56:24.754058
ChIJv7Wb2L8Xby4RUf92zFsV6hU,Kopi Botanika,Kuningan,Nongkrong,Kafe,['Kafe'],-6.9530967,108.4295429,1858,4.4,26,2026-05-04T16:56:24.754633
ChIJIw8pOs4Xby4RwUC-K8tAgPg,Ipukan Highland,Kuningan,Nongkrong,Rumah Makan,['Rumah Makan'],-6.9406924,108.4383635,674,4.6,29,2026-05-04T16:56:24.754792
ChIJmavgvLgXby4R2IizioFRk8k,Pondok Cai Pinus,Kuningan,Nongkrong,Tujuan Wisata,"['Tujuan Wisata', 'Restoran']",-6.9446684,108.4357727,1175,4.3,26,2026-05-04T16:56:24.755586
ChIJ94y4vywUby4RR0zcT9VUhcw,Alun-Alun Kota Kuningan,Kuningan,Nongkrong,Taman Kota,"['Taman Kota', 'Tujuan Wisata']",-6.9827066,108.4765148,14968,4.5,14,2026-05-04T16:56:24.756005
ChIJD4c3RM0Vby4Ra1PRpABTAjU,"Waroeng kopi, bakmie & teh tarik SEMOGA DJAYA",Kuningan,Nongkrong,Kedai Kopi,['Kedai Kopi'],-6.9775309,108.4736884,66,3.8,32,2026-05-04T16:56:24.756468
ChIJbe4i_eAXby4RTBIzaGCTtRY,Saung Kopi Hawwu,Kuningan,Nongkrong,Restoran,"['Restoran', 'Kedai Kopi']",-6.9564431,108.4769812,1693,4.7,23,2026-05-04T16:56:24.756620
ChIJd4MbgC4Uby4RNGPYu8gszJY,Waroeng Batok,Kuningan,Nongkrong,Rumah Makan,['Rumah Makan'],-6.9839628,108.4808302,10,4.2,2,2026-05-04T16:56:24.756768
ChIJ0ah-8xAXby4RAe_m-glJXCo,OKPUKAT KUNINGAN KOTA,Kuningan,Nongkrong,Kedai Jus,"['Kedai Jus', 'Toko Makanan']",-6.9732431,108.4855495,240,4.6,19,2026-05-04T16:56:24.756839
ChIJrZl3aEsZby4RMJkrrI0XJks,Woodland,Kuningan,Nongkrong,Tujuan Wisata,['Tujuan Wisata'],-6.8661498,108.4720842,3433,4.4,22,2026-05-04T16:56:24.757666
ChIJ7aPuFgAVby4RslhLp4SoClA,TERAS NAWIR,Kuningan,Nongkrong,Kedai Sarapan & Makan Siang,['Kedai Sarapan & Makan Siang'],-6.9895743,108.5026707,6,5.0,2,2026-05-04T16:56:24.758092
ChIJIx2cH84Vby4RWKoRzrJICeU,Teras Hilwah,Kuningan,Nongkrong,Kedai Hidangan Penutup,"['Kedai Hidangan Penutup', 'Restoran Nasi Goreng', 'Restoran Mie']",-6.9752551,108.4807784,1,5.0,1,2026-05-04T16:56:24.758236
ChIJc0eofSwVby4RjFO-KnMwcz8,Kedai Artha,Kuningan,Nongkrong,Kafe,"['Kafe', 'Kedai Kopi']",-6.9838301,108.4785164,1410,4.3,25,2026-05-04T16:56:24.758250
ChIJWSslfP4Xby4RzX4fNOyCtVs,KLAFE Cake & Coffee Factory,Kuningan,Nongkrong,Kedai Kopi,['Kedai Kopi'],-6.9783611,108.4871728,167,4.7,30,2026-05-04T16:56:24.758679
ChIJXTbGVtQVby4RbTMkiWtl6VU,Onedis Coffee,Kuningan,Nongkrong,Kedai Kopi,"['Kedai Kopi', 'Kafe']",-6.9783947,108.4672065,325,4.5,19,2026-05-04T16:56:24.758839
ChIJeT-5OoMXby4R5OcWKvfhSmk,"Mokopi Cafe, Ancaran",Kuningan,Nongkrong,Kedai Kopi,"['Kedai Kopi', 'Kafe']",-6.9704117,108.5095528,310,4.3,27,2026-05-04T16:56:24.759002
ChIJIzhDo-QVby4RSuBPlnS6RDM,Eternite Space,Kuningan,Nongkrong,Kedai Kopi,['Kedai Kopi'],-6.9787237,108.4684417,260,4.7,31,2026-05-04T16:56:24.759468
ChIJiwVdbYo_by4ReFxtWGYmsuw,DT EATERY,Kuningan,Nongkrong,Restoran,['Restoran'],-7.0229321,108.4155291,396,3.3,34,2026-05-04T16:56:24.759804
